address,count,bytes
7E4F37,1183172,29 20 D0 F9 AD 62 12 8D 3A 30 22 F1 F4 02 6B 22
7E4F39,1183172,D0 F9 AD 62 12 8D 3A 30 22 F1 F4 02 6B 22 4F 4F
7E4F34,1183172,AD 30 30 29 20 D0 F9 AD 62 12 8D 3A 30 22 F1 F4
7E4EF7,425876,AD 30 30 29 20 D0 F9 AD 62 12 8D 3A 30 AB 6B 5C
7E4EFC,425876,D0 F9 AD 62 12 8D 3A 30 AB 6B 5C EE BD 1F C2 30
7E4EFA,425876,29 20 D0 F9 AD 62 12 8D 3A 30 AB 6B 5C EE BD 1F
02DA49,142053,01 08 01 00 01 0C 01 00 01 00 01 04 01 00 01 00
02DA4B,142053,01 00 01 0C 01 00 01 00 01 04 01 00 01 00 01 08
02DA46,142052,00 01 00 01 08 01 00 01 0C 01 00 01 00 01 04 01
03DBB6,17290,00 01 00 01 08 01 00 01 0C 01 00 01 00 01 04 01
03DBB9,17290,01 08 01 00 01 0C 01 00 01 00 01 04 01 00 01 00
03DBBB,17290,01 00 01 0C 01 00 01 00 01 04 01 00 01 00 01 08
03DBBA,17290,08 01 00 01 0C 01 00 01 00 01 04 01 00 01 00 01
03DBBD,17290,01 0C 01 00 01 00 01 04 01 00 01 00 01 08 01 00
03DBBC,17290,00 01 0C 01 00 01 00 01 04 01 00 01 00 01 08 01
02DA35,12876,01 00 01 00 01 08 01 00 01 0C 01 00 01 00 01 04
02DA38,12876,00 01 08 01 00 01 0C 01 00 01 00 01 04 01 00 01
7E578B,9984,A8 CE FF 1E F0 03 4C CC 52 E2 20 60 5A DA 08 E2
7E5788,9984,69 0A 00 A8 CE FF 1E F0 03 4C CC 52 E2 20 60 5A
7E5787,9984,18 69 0A 00 A8 CE FF 1E F0 03 4C CC 52 E2 20 60
7E5784,9984,AD 01 1F 18 69 0A 00 A8 CE FF 1E F0 03 4C CC 52
7E5782,9984,C2 20 AD 01 1F 18 69 0A 00 A8 CE FF 1E F0 03 4C
7E578C,9984,CE FF 1E F0 03 4C CC 52 E2 20 60 5A DA 08 E2 10
7E578F,9984,F0 03 4C CC 52 E2 20 60 5A DA 08 E2 10 49 FF 1A
7E52CE,8411,8C 01 1F BE C4 2E 9C FA 1E C2 20 A4 76 B9 1D 00
7E52D7,8411,C2 20 A4 76 B9 1D 00 29 80 00 F0 03 82 9C 04 B9
7E52E6,8411,B9 2E 00 35 2E 29 F8 00 F0 03 82 8F 04 98 D5 19
7E52E1,8411,F0 03 82 9C 04 B9 2E 00 35 2E 29 F8 00 F0 03 82
7E52DE,8411,29 80 00 F0 03 82 9C 04 B9 2E 00 35 2E 29 F8 00
7E52CC,8411,E2 20 8C 01 1F BE C4 2E 9C FA 1E C2 20 A4 76 B9
7E52DB,8411,B9 1D 00 29 80 00 F0 03 82 9C 04 B9 2E 00 35 2E
7E52E9,8411,35 2E 29 F8 00 F0 03 82 8F 04 98 D5 19 D0 03 82
7E5791,8411,4C CC 52 E2 20 60 5A DA 08 E2 10 49 FF 1A AA BF
7E52EE,8411,F0 03 82 8F 04 98 D5 19 D0 03 82 87 04 8A BB D5
7E52D1,8411,BE C4 2E 9C FA 1E C2 20 A4 76 B9 1D 00 29 80 00
7E52D4,8411,9C FA 1E C2 20 A4 76 B9 1D 00 29 80 00 F0 03 82
7E52D9,8411,A4 76 B9 1D 00 29 80 00 F0 03 82 9C 04 B9 2E 00
7E52EB,8411,29 F8 00 F0 03 82 8F 04 98 D5 19 D0 03 82 87 04
7E52F0,4617,82 8F 04 98 D5 19 D0 03 82 87 04 8A BB D5 19 D0
02DB8D,4160,01 0C 01 00 01 00 01 04 01 00 01 00 01 08 01 00
02DB94,4160,04 01 00 01 00 01 08 01 00 01 0C 01 00 01 00 01
02DB95,4160,01 00 01 00 01 08 01 00 01 0C 01 00 01 00 01 04
02DB97,4160,01 00 01 08 01 00 01 0C 01 00 01 00 01 04 01 00
02DB8E,4160,0C 01 00 01 00 01 04 01 00 01 00 01 08 01 00 01
02DB9B,4160,01 00 01 0C 01 00 01 00 01 04 01 00 01 00 01 08
02DB96,4160,00 01 00 01 08 01 00 01 0C 01 00 01 00 01 04 01
02DB91,4160,01 00 01 04 01 00 01 00 01 08 01 00 01 0C 01 00
02DB98,4160,00 01 08 01 00 01 0C 01 00 01 00 01 04 01 00 01
02DB8B,4160,01 00 01 0C 01 00 01 00 01 04 01 00 01 00 01 08
7E52F3,3794,98 D5 19 D0 03 82 87 04 8A BB D5 19 D0 03 82 7E
7E52F4,3794,D5 19 D0 03 82 87 04 8A BB D5 19 D0 03 82 7E 04
7E52FC,3793,BB D5 19 D0 03 82 7E 04 9B AA B5 0C 85 3A B5 0E
7E52FF,3793,D0 03 82 7E 04 9B AA B5 0C 85 3A B5 0E 85 3C B5
7E52FD,3793,D5 19 D0 03 82 7E 04 9B AA B5 0C 85 3A B5 0E 85
7E5305,3793,AA B5 0C 85 3A B5 0E 85 3C B5 10 85 3E B5 1F 29
7E52FB,3793,8A BB D5 19 D0 03 82 7E 04 9B AA B5 0C 85 3A B5
7E5331,3793,AE 01 1F BD C6 2E D0 03 82 CA 03 48 A5 3A 8D F4
7E52F6,3793,D0 03 82 87 04 8A BB D5 19 D0 03 82 7E 04 9B AA
7E530C,3793,85 3C B5 10 85 3E B5 1F 29 80 00 F0 0D B9 1F 00
7E5334,3793,BD C6 2E D0 03 82 CA 03 48 A5 3A 8D F4 1E A5 3C
7E5328,3793,9B CD 05 1F D0 03 82 51 04 AE 01 1F BD C6 2E D0
7E5306,3793,B5 0C 85 3A B5 0E 85 3C B5 10 85 3E B5 1F 29 80
7E5308,3793,85 3A B5 0E 85 3C B5 10 85 3E B5 1F 29 80 00 F0
7E5304,3793,9B AA B5 0C 85 3A B5 0E 85 3C B5 10 85 3E B5 1F
7E530E,3793,B5 10 85 3E B5 1F 29 80 00 F0 0D B9 1F 00 29 80
7E532C,3793,D0 03 82 51 04 AE 01 1F BD C6 2E D0 03 82 CA 03
7E5326,3793,B5 04 9B CD 05 1F D0 03 82 51 04 AE 01 1F BD C6
7E5329,3793,CD 05 1F D0 03 82 51 04 AE 01 1F BD C6 2E D0 03
7E5337,3793,D0 03 82 CA 03 48 A5 3A 8D F4 1E A5 3C 8D F6 1E
7E5317,3793,F0 0D B9 1F 00 29 80 00 F0 05 B5 04 9B 80 0B B5
7E5312,3793,B5 1F 29 80 00 F0 0D B9 1F 00 29 80 00 F0 05 B5
7E5314,3793,29 80 00 F0 0D B9 1F 00 29 80 00 F0 05 B5 04 9B
7E530A,3793,B5 0E 85 3C B5 10 85 3E B5 1F 29 80 00 F0 0D B9
7E5310,3793,85 3E B5 1F 29 80 00 F0 0D B9 1F 00 29 80 00 F0
7E5342,2814,A5 3C 8D F6 1E A5 3E 8D F8 1E BD CC 2E 18 6D 5E
7E5353,2814,8D 52 12 A5 3E 38 E5 6E 10 04 49 FF FF 1A 38 ED
7E5350,2814,6D 5E 12 8D 52 12 A5 3E 38 E5 6E 10 04 49 FF FF
7E534F,2814,18 6D 5E 12 8D 52 12 A5 3E 38 E5 6E 10 04 49 FF
7E5356,2814,A5 3E 38 E5 6E 10 04 49 FF FF 1A 38 ED 52 12 30
7E534C,2814,BD CC 2E 18 6D 5E 12 8D 52 12 A5 3E 38 E5 6E 10
7E535B,2814,10 04 49 FF FF 1A 38 ED 52 12 30 03 4C A6 53 BD
7E533C,2814,48 A5 3A 8D F4 1E A5 3C 8D F6 1E A5 3E 8D F8 1E
7E5359,2814,E5 6E 10 04 49 FF FF 1A 38 ED 52 12 30 03 4C A6
7E5362,2814,ED 52 12 30 03 4C A6 53 BD C8 2E 18 6D 5A 12 8D
7E5358,2814,38 E5 6E 10 04 49 FF FF 1A 38 ED 52 12 30 03 4C
7E5349,2814,8D F8 1E BD CC 2E 18 6D 5E 12 8D 52 12 A5 3E 38
7E533D,2814,A5 3A 8D F4 1E A5 3C 8D F6 1E A5 3E 8D F8 1E BD
7E5361,2814,38 ED 52 12 30 03 4C A6 53 BD C8 2E 18 6D 5A 12
7E5365,2814,30 03 4C A6 53 BD C8 2E 18 6D 5A 12 8D 52 12 A5
7E533F,2814,8D F4 1E A5 3C 8D F6 1E A5 3E 8D F8 1E BD CC 2E
7E53A7,2814,4C 82 57 68 AA E2 20 BD 02 00 F0 2E 3A 85 02 DA
7E5344,2814,8D F6 1E A5 3E 8D F8 1E BD CC 2E 18 6D 5E 12 8D
7E53A6,2814,68 4C 82 57 68 AA E2 20 BD 02 00 F0 2E 3A 85 02
7E5347,2814,A5 3E 8D F8 1E BD CC 2E 18 6D 5E 12 8D 52 12 A5
7E5367,2744,4C A6 53 BD C8 2E 18 6D 5A 12 8D 52 12 A5 3A 38
02DCC8,2620,00 01 08 01 00 01 0C 01 00 01 00 01 04 01 00 01
02DCC5,2620,01 00 01 00 01 08 01 00 01 0C 01 00 01 00 01 04
02DCBF,2620,01 00 01 00 01 04 01 00 01 00 01 08 01 00 01 0C
02DCCA,2620,08 01 00 01 0C 01 00 01 00 01 04 01 00 01 00 01
02DCC2,2620,00 01 04 01 00 01 00 01 08 01 00 01 0C 01 00 01
00010C,2433,EA C2 30 48 AF 30 30 00 30 20 8B 78 DA 5A E2 30
000110,2433,AF 30 30 00 30 20 8B 78 DA 5A E2 30 A9 00 48 AB
00010D,2433,C2 30 48 AF 30 30 00 30 20 8B 78 DA 5A E2 30 A9
00010F,2433,48 AF 30 30 00 30 20 8B 78 DA 5A E2 30 A9 00 48
000114,2433,30 20 8B 78 DA 5A E2 30 A9 00 48 AB AD 62 12 09
7E4F66,2164,80 06 B5 1E 09 02 95 1E B5 1D 29 7F 95 1D C2 20
7E4F62,2164,A9 01 95 2D 80 06 B5 1E 09 02 95 1E B5 1D 29 7F
7E4F79,2164,95 1B E2 20 9B B6 00 D0 D6 E2 20 A9 7E 48 AB AD
7E4F5A,2164,29 80 F0 04 5C 68 4F 7E A9 01 95 2D 80 06 B5 1E
7E4F6E,2164,B5 1D 29 7F 95 1D C2 20 A9 00 00 95 1B E2 20 9B
7E4F80,2164,D0 D6 E2 20 A9 7E 48 AB AD FD 1E F0 17 A2 00 00
7E4F7D,2164,9B B6 00 D0 D6 E2 20 A9 7E 48 AB AD FD 1E F0 17
7E4F76,2164,A9 00 00 95 1B E2 20 9B B6 00 D0 D6 E2 20 A9 7E
7E4F7E,2164,B6 00 D0 D6 E2 20 A9 7E 48 AB AD FD 1E F0 17 A2
7E4F70,2164,29 7F 95 1D C2 20 A9 00 00 95 1B E2 20 9B B6 00
7E4F74,2164,C2 20 A9 00 00 95 1B E2 20 9B B6 00 D0 D6 E2 20
7E4F7B,2164,E2 20 9B B6 00 D0 D6 E2 20 A9 7E 48 AB AD FD 1E
7E4F5C,2164,F0 04 5C 68 4F 7E A9 01 95 2D 80 06 B5 1E 09 02
7E4F58,2164,B5 1D 29 80 F0 04 5C 68 4F 7E A9 01 95 2D 80 06
7E4F64,2164,95 2D 80 06 B5 1E 09 02 95 1E B5 1D 29 7F 95 1D
7E4F72,2164,95 1D C2 20 A9 00 00 95 1B E2 20 9B B6 00 D0 D6
02DB04,2151,04 01 00 01 00 01 08 01 00 01 0C 01 00 01 00 01
1FD271,2151,01 00 01 04 01 00 01 00 01 08 01 00 01 0C 01 00
02DB07,2151,01 00 01 08 01 00 01 0C 01 00 01 00 01 04 01 00
02DB12,2151,00 01 04 01 00 01 00 01 08 01 00 01 0C 01 00 01
1FD26C,2151,00 01 0C 01 00 01 00 01 04 01 00 01 00 01 08 01
02DB13,2151,01 04 01 00 01 00 01 08 01 00 01 0C 01 00 01 00
1FD26E,2151,0C 01 00 01 00 01 04 01 00 01 00 01 08 01 00 01
02DB0E,2151,0C 01 00 01 00 01 04 01 00 01 00 01 08 01 00 01
1FD336,2151,00 01 00 01 08 01 00 01 0C 01 00 01 00 01 04 01
1FD335,2151,01 00 01 00 01 08 01 00 01 0C 01 00 01 00 01 04
1FD26B,2151,01 00 01 0C 01 00 01 00 01 04 01 00 01 00 01 08
02DB0B,2151,01 00 01 0C 01 00 01 00 01 04 01 00 01 00 01 08
1FC04B,2147,01 00 01 0C 01 00 01 00 01 04 01 00 01 00 01 08
1FC09A,2147,08 01 00 01 0C 01 00 01 00 01 04 01 00 01 00 01
1FC09B,2147,01 00 01 0C 01 00 01 00 01 04 01 00 01 00 01 08
1FC051,2147,01 00 01 04 01 00 01 00 01 08 01 00 01 0C 01 00
1FC097,2147,01 00 01 08 01 00 01 0C 01 00 01 00 01 04 01 00
1FC04C,2147,00 01 0C 01 00 01 00 01 04 01 00 01 00 01 08 01
1FC04E,2147,0C 01 00 01 00 01 04 01 00 01 00 01 08 01 00 01
03B433,2147,01 04 01 00 01 00 01 08 01 00 01 0C 01 00 01 00
03B3C9,2147,01 08 01 00 01 0C 01 00 01 00 01 04 01 00 01 00
02F5A6,2147,00 01 00 01 08 01 00 01 0C 01 00 01 00 01 04 01
02F5A9,2147,01 08 01 00 01 0C 01 00 01 00 01 04 01 00 01 00
03B384,2147,04 01 00 01 00 01 08 01 00 01 0C 01 00 01 00 01
02F5A3,2147,01 04 01 00 01 00 01 08 01 00 01 0C 01 00 01 00
03B3F3,2147,01 04 01 00 01 00 01 08 01 00 01 0C 01 00 01 00
02F5A1,2147,01 00 01 04 01 00 01 00 01 08 01 00 01 0C 01 00
03B3CB,2147,01 00 01 0C 01 00 01 00 01 04 01 00 01 00 01 08
03B3CE,2147,0C 01 00 01 00 01 04 01 00 01 00 01 08 01 00 01
03B341,2147,01 00 01 04 01 00 01 00 01 08 01 00 01 0C 01 00
03B400,2147,00 01 00 01 04 01 00 01 00 01 08 01 00 01 0C 01
03B3FC,2147,00 01 0C 01 00 01 00 01 04 01 00 01 00 01 08 01
03B3FA,2147,08 01 00 01 0C 01 00 01 00 01 04 01 00 01 00 01
03B3F6,2147,00 01 00 01 08 01 00 01 0C 01 00 01 00 01 04 01
03B345,2147,01 00 01 00 01 08 01 00 01 0C 01 00 01 00 01 04
03B430,2147,00 01 00 01 04 01 00 01 00 01 08 01 00 01 0C 01
03B347,2147,01 00 01 08 01 00 01 0C 01 00 01 00 01 04 01 00
03B432,2147,00 01 04 01 00 01 00 01 08 01 00 01 0C 01 00 01
03B3F8,2147,00 01 08 01 00 01 0C 01 00 01 00 01 04 01 00 01
03B3F4,2147,04 01 00 01 00 01 08 01 00 01 0C 01 00 01 00 01
03B343,2147,01 04 01 00 01 00 01 08 01 00 01 0C 01 00 01 00
03B3D6,2147,00 01 00 01 08 01 00 01 0C 01 00 01 00 01 04 01
03B3D3,2147,01 04 01 00 01 00 01 08 01 00 01 0C 01 00 01 00
03B3EE,2147,0C 01 00 01 00 01 04 01 00 01 00 01 08 01 00 01
03B3DE,2147,0C 01 00 01 00 01 04 01 00 01 00 01 08 01 00 01
03B3E6,2147,00 01 00 01 08 01 00 01 0C 01 00 01 00 01 04 01
03B3E3,2147,01 04 01 00 01 00 01 08 01 00 01 0C 01 00 01 00
03B3EB,2147,01 00 01 0C 01 00 01 00 01 04 01 00 01 00 01 08
1FC098,2147,00 01 08 01 00 01 0C 01 00 01 00 01 04 01 00 01
03B381,2147,01 00 01 04 01 00 01 00 01 08 01 00 01 0C 01 00
02F5AD,2147,01 0C 01 00 01 00 01 04 01 00 01 00 01 08 01 00
03B383,2147,01 04 01 00 01 00 01 08 01 00 01 0C 01 00 01 00
02F6B7,2147,01 00 01 08 01 00 01 0C 01 00 01 00 01 04 01 00
02F6B2,2147,00 01 04 01 00 01 00 01 08 01 00 01 0C 01 00 01
02F5AB,2147,01 00 01 0C 01 00 01 00 01 04 01 00 01 00 01 08
02F6B8,2147,00 01 08 01 00 01 0C 01 00 01 00 01 04 01 00 01
02F6B4,2147,04 01 00 01 00 01 08 01 00 01 0C 01 00 01 00 01
02F5B5,2147,01 00 01 00 01 08 01 00 01 0C 01 00 01 00 01 04
02F5B0,2147,00 01 00 01 04 01 00 01 00 01 08 01 00 01 0C 01
02DB10,2147,00 01 00 01 04 01 00 01 00 01 08 01 00 01 0C 01
03B3DB,2147,01 00 01 0C 01 00 01 00 01 04 01 00 01 00 01 08
02F5B3,2147,01 04 01 00 01 00 01 08 01 00 01 0C 01 00 01 00
02F501,2146,01 00 01 04 01 00 01 00 01 08 01 00 01 0C 01 00
02F508,2146,00 01 08 01 00 01 0C 01 00 01 00 01 04 01 00 01
02F503,2146,01 04 01 00 01 00 01 08 01 00 01 0C 01 00 01 00
02F506,2146,00 01 00 01 08 01 00 01 0C 01 00 01 00 01 04 01
02F57C,2146,00 01 0C 01 00 01 00 01 04 01 00 01 00 01 08 01
02F57B,2146,01 00 01 0C 01 00 01 00 01 04 01 00 01 00 01 08
02F578,2138,00 01 08 01 00 01 0C 01 00 01 00 01 04 01 00 01
02F576,2138,00 01 00 01 08 01 00 01 0C 01 00 01 00 01 04 01
02F671,2063,01 00 01 04 01 00 01 00 01 08 01 00 01 0C 01 00
02F5D6,2063,00 01 00 01 08 01 00 01 0C 01 00 01 00 01 04 01
02F674,2063,04 01 00 01 00 01 08 01 00 01 0C 01 00 01 00 01
02F678,2063,00 01 08 01 00 01 0C 01 00 01 00 01 04 01 00 01
02F66D,2063,01 0C 01 00 01 00 01 04 01 00 01 00 01 08 01 00
02F66B,2063,01 00 01 0C 01 00 01 00 01 04 01 00 01 00 01 08
02F663,2063,01 04 01 00 01 00 01 08 01 00 01 0C 01 00 01 00
02F67B,2063,01 00 01 0C 01 00 01 00 01 04 01 00 01 00 01 08
02F658,2063,00 01 08 01 00 01 0C 01 00 01 00 01 04 01 00 01