masterClock,channel,dest,srcBank,srcAddress,size
2359762348,0,128,112,546,672
2359971322,0,24,112,11264,10752
2360328834,0,24,112,22016,10752
2360687070,0,4,0,4707,328
2360690336,0,24,0,6351,64
2360691270,0,34,0,6027,256
2361400774,0,24,112,11264,10752
2361520538,0,128,112,546,672
2361758288,0,24,112,22016,10752
2362119268,0,4,0,4707,328
2362122542,0,24,0,6351,64
2362123468,0,34,0,6027,256
2363097332,0,128,112,546,672
2363187614,0,24,112,11264,10752
2363545116,0,24,112,22016,10752
2363903360,0,4,0,4707,328
2363906634,0,24,0,6351,64
2363907560,0,34,0,6027,256
2364841854,0,128,112,546,672
2364974442,0,24,112,11264,10752
2365331950,0,24,112,22016,10752
2365692908,0,4,0,4707,328
2365696182,0,24,0,6351,64
2365697108,0,34,0,6027,256
2366319078,0,128,112,546,672
2366403908,0,24,112,11264,10752
2366761412,0,24,112,22016,10752
2367119656,0,4,0,4707,328
2367122930,0,24,0,6351,64
2367123856,0,34,0,6027,256
2368058154,0,128,112,546,672
2368190718,0,24,112,11264,10752
2368548238,0,24,112,22016,10752
2368906486,0,4,0,4707,328
2368909752,0,24,0,6351,64
2368910686,0,34,0,6027,256
2369589946,0,128,112,546,672
2369620184,0,24,112,11264,10752
2369977722,0,24,112,22016,10752
2370335950,0,4,0,4707,328
2370339216,0,24,0,6351,64
2370340150,0,34,0,6027,256
2371049646,0,24,112,11264,10752
2371162606,0,128,112,546,672
2371407168,0,24,112,22016,10752
2371768148,0,4,0,4707,328
2371771422,0,24,0,6351,64
2371772348,0,34,0,6027,256
2372613890,0,128,112,546,672
2372836510,0,24,112,11264,10752
2373194010,0,24,112,22016,10752
2373554958,0,4,0,4707,328
2373558224,0,24,0,6351,64
2373559158,0,34,0,6027,256
2374265942,0,24,112,11264,10752
2374359828,0,128,112,546,672
2374623460,0,24,112,22016,10752
2374984436,0,4,0,4707,328
2374987710,0,24,0,6351,64
2374988636,0,34,0,6027,256
2375819266,0,128,112,546,672
2376052798,0,24,112,11264,10752
2376410298,0,24,112,22016,10752
2376771256,0,4,0,4707,328
2376774530,0,24,0,6351,64
2376775456,0,34,0,6027,256
2377482234,0,24,112,11264,10752
2377574732,0,128,112,546,672
2377839758,0,24,112,22016,10752
2378198010,0,4,0,4707,328
2378201276,0,24,0,6351,64
2378202202,0,34,0,6027,256
2379107870,0,128,112,546,672
2379269076,0,24,112,11264,10752
2379626590,0,24,112,22016,10752
2379984842,0,4,0,4707,328
2379988108,0,24,0,6351,64
2379989034,0,34,0,6027,256
2380750098,0,128,112,546,672
2381055920,0,24,112,11264,10752
2381413422,0,24,112,22016,10752
2381771662,0,4,0,4707,328
2381774928,0,24,0,6351,64
2381775862,0,34,0,6027,256
2382509676,0,128,112,546,672
2382842742,0,24,112,11264,10752
2383200250,0,24,112,22016,10752
2383558494,0,4,0,4707,328
2383561760,0,24,0,6351,64
2383562694,0,34,0,6027,256
2384299242,0,128,112,546,672
2384629560,0,24,112,11264,10752
2384987090,0,24,112,22016,10752
2385345330,0,4,0,4707,328
2385348596,0,24,0,6351,64
2385349522,0,34,0,6027,256
2386113352,0,128,112,546,672
2386416406,0,24,112,11264,10752
2386773910,0,24,112,22016,10752
2387132162,0,4,0,4707,328
2387135428,0,24,0,6351,64
2387136354,0,34,0,6027,256
2387897440,0,128,112,546,672
2388203216,0,24,112,11264,10752
2388560764,0,24,112,22016,10752
2388918982,0,4,0,4707,328
2388922248,0,24,0,6351,64
2388923182,0,34,0,6027,256
2389632688,0,24,112,11264,10752
2389741568,0,128,112,546,672
2389990228,0,24,112,22016,10752
2390351170,0,4,0,4707,328
2390354436,0,24,0,6351,64
2390355362,0,34,0,6027,256
2391195574,0,128,112,546,672
2391419512,0,24,112,11264,10752
2391777022,0,24,112,22016,10752
2392135282,0,4,0,4707,328
2392138548,0,24,0,6351,64
2392139474,0,34,0,6027,256
2392896464,0,128,112,546,672
2393206354,0,24,112,11264,10752
2393563866,0,24,112,22016,10752
2393924824,0,4,0,4707,328
2393928098,0,24,0,6351,64
2393929024,0,34,0,6027,256
2394664196,0,128,112,546,672
2394993190,0,24,112,11264,10752
2395350694,0,24,112,22016,10752
2395708936,0,4,0,4707,328
2395712210,0,24,0,6351,64
2395713136,0,34,0,6027,256
2396404642,0,128,112,546,672
2396422646,0,24,112,11264,10752
2396780156,0,24,112,22016,10752
2397141132,0,4,0,4707,328
2397144406,0,24,0,6351,64
2397145332,0,34,0,6027,256
2397974596,0,128,112,546,672
2398209462,0,24,112,11264,10752
2398566990,0,24,112,22016,10752
2398925230,0,4,0,4707,328
2398928496,0,24,0,6351,64
2398929430,0,34,0,6027,256
2399577314,0,128,112,546,672
2399638942,0,24,112,11264,10752
2399996470,0,24,112,22016,10752
2400354698,0,4,0,4707,328
2400357964,0,24,0,6351,64
2400358890,0,34,0,6027,256
2401214082,0,128,112,546,672
2401425808,0,24,112,11264,10752
2401783282,0,24,112,22016,10752
2402141524,0,4,0,4707,328
2402144798,0,24,0,6351,64
2402145724,0,34,0,6027,256
2402793614,0,128,112,546,672
2402855224,0,24,112,11264,10752
2403212744,0,24,112,22016,10752
2403573702,0,4,0,4707,328
2403576968,0,24,0,6351,64
2403577902,0,34,0,6027,256
2404416730,0,128,112,546,672
2404642062,0,24,112,11264,10752
2404999578,0,24,112,22016,10752
2405357826,0,4,0,4707,328
2405361092,0,24,0,6351,64
2405362018,0,34,0,6027,256
2406044002,0,128,112,546,672
2406071532,0,24,112,11264,10752
2406429046,0,24,112,22016,10752
2406787286,0,4,0,4707,328
2406790552,0,24,0,6351,64
2406791486,0,34,0,6027,256
2407481632,0,128,112,546,672
2407501024,0,24,112,11264,10752
2407858526,0,24,112,22016,10752
2408219454,0,4,0,4707,328
2408222720,0,24,0,6351,64
2408223654,0,34,0,6027,256
2408875628,0,128,112,546,672
2408930492,0,24,112,11264,10752
2409287976,0,24,112,22016,10752
2409646218,0,4,0,4707,328
2409649484,0,24,0,6351,64
2409650410,0,34,0,6027,256
2410508346,0,128,112,546,672
2410717298,0,24,112,11264,10752
2411074802,0,24,112,22016,10752
2411435760,0,4,0,4707,328
2411439034,0,24,0,6351,64
2411439960,0,34,0,6027,256
2412097378,0,128,112,546,672
2412146744,0,24,112,11264,10752
2412504266,0,24,112,22016,10752
2412862514,0,4,0,4707,328
2412865780,0,24,0,6351,64
2412866706,0,34,0,6027,256
2413817392,0,128,112,546,672
2413933574,0,24,112,11264,10752
2414291106,0,24,112,22016,10752
2414652046,0,4,0,4707,328
2414655312,0,24,0,6351,64
2414656246,0,34,0,6027,256
2415293210,0,128,112,546,672
2415363054,0,24,112,11264,10752
2415720558,0,24,112,22016,10752
2416081510,0,4,0,4707,328
2416084776,0,24,0,6351,64
2416085710,0,34,0,6027,256
2416994106,0,128,112,546,672
2417149886,0,24,112,11264,10752
2417507390,0,24,112,22016,10752
2417865636,0,4,0,4707,328
2417868910,0,24,0,6351,64
2417869836,0,34,0,6027,256
2418479526,0,128,112,546,672
2418579350,0,24,112,11264,10752
2418936858,0,24,112,22016,10752
2419295098,0,4,0,4707,328
2419298364,0,24,0,6351,64
2419299290,0,34,0,6027,256
2420228150,0,128,112,546,672
2420366158,0,24,112,11264,10752
2420723670,0,24,112,22016,10752
2421081930,0,4,0,4707,328
2421085196,0,24,0,6351,64
2421086122,0,34,0,6027,256
2421746258,0,128,112,546,672
2421795660,0,24,112,11264,10752
2422153154,0,24,112,22016,10752
2422511394,0,4,0,4707,328
2422514660,0,24,0,6351,64
2422515586,0,34,0,6027,256
2423462166,0,128,112,546,672
2423582470,0,24,112,11264,10752
2423939982,0,24,112,22016,10752
2424300922,0,4,0,4707,328
2424304188,0,24,0,6351,64
2424305114,0,34,0,6027,256
2424988498,0,128,112,546,672
2425011934,0,24,112,11264,10752
2425369436,0,24,112,22016,10752
2425727686,0,4,0,4707,328
2425730952,0,24,0,6351,64
2425731886,0,34,0,6027,256
2426518894,0,128,112,546,672
2426798758,0,24,112,11264,10752
2427156270,0,24,112,22016,10752
2427514518,0,4,0,4707,328
2427517784,0,24,0,6351,64
2427518718,0,34,0,6027,256
2428684904,0,128,112,546,672
2428942942,0,24,112,11264,10752
2429300474,0,24,112,22016,10752
2429658714,0,4,0,4707,328
2429661980,0,24,0,6351,64
2429662906,0,34,0,6027,256
2430841366,0,128,112,546,672
2431087178,0,24,112,11264,10752
2431444684,0,24,112,22016,10752
2431805614,0,4,0,4707,328
2431808880,0,24,0,6351,64
2431809814,0,34,0,6027,256
2432573640,0,128,112,546,672
2432873978,0,24,112,11264,10752
2433231480,0,24,112,22016,10752
2433589738,0,4,0,4707,328
2433593004,0,24,0,6351,64
2433593930,0,34,0,6027,256
2434211786,0,128,112,546,672
2434303450,0,24,112,11264,10752
2434660962,0,24,112,22016,10752
2435019206,0,4,0,4707,328
2435022472,0,24,0,6351,64
2435023406,0,34,0,6027,256
2435892218,0,128,112,546,672
2436090258,0,24,112,11264,10752
2436447790,0,24,112,22016,10752
2436808730,0,4,0,4707,328
2436811996,0,24,0,6351,64
2436812922,0,34,0,6027,256
2437359872,0,128,112,546,672
2437519724,0,24,112,11264,10752
2437877250,0,24,112,22016,10752
2438238208,0,4,0,4707,328
2438241482,0,24,0,6351,64
2438242408,0,34,0,6027,256
2438725254,0,128,112,546,672
2438949206,0,24,112,11264,10752
2439306704,0,24,112,22016,10752
2439667672,0,4,0,4707,328
2439670946,0,24,0,6351,64
2439671872,0,34,0,6027,256
2440176546,0,128,112,546,672
2440378648,0,24,112,11264,10752
2440736186,0,24,112,22016,10752
2441094416,0,4,0,4707,328
2441097690,0,24,0,6351,64
2441098616,0,34,0,6027,256
2441808134,0,24,112,11264,10752
2441904718,0,128,112,546,672
2442165640,0,24,112,22016,10752
2442523886,0,4,0,4707,328
2442527152,0,24,0,6351,64
2442528086,0,34,0,6027,256
2443237594,0,24,112,11264,10752
2443350542,0,128,112,546,672
2443595104,0,24,112,22016,10752
2443953354,0,4,0,4707,328
2443956620,0,24,0,6351,64
2443957546,0,34,0,6027,256
2444831838,0,128,112,546,672
2445024414,0,24,112,11264,10752
2445381956,0,24,112,22016,10752
2445742882,0,4,0,4707,328
2445746148,0,24,0,6351,64
2445747074,0,34,0,6027,256
2446434522,0,128,112,546,672
2446453894,0,24,112,11264,10752
2446811390,0,24,112,22016,10752
2447172360,0,4,0,4707,328
2447175634,0,24,0,6351,64
2447176560,0,34,0,6027,256
2448183166,0,128,112,546,672
2448240746,0,24,112,11264,10752
2448598242,0,24,112,22016,10752
2448956478,0,4,0,4707,328
2448959744,0,24,0,6351,64
2448960678,0,34,0,6027,256
2449953616,0,128,112,546,672
2450027544,0,24,112,11264,10752
2450385048,0,24,112,22016,10752
2450743306,0,4,0,4707,328
2450746572,0,24,0,6351,64
2450747498,0,34,0,6027,256
2451773214,0,128,112,546,672
2451814392,0,24,112,11264,10752
2452171890,0,24,112,22016,10752
2452530138,0,4,0,4707,328
2452533404,0,24,0,6351,64
2452534330,0,34,0,6027,256
2453546378,0,128,112,546,672
2453601196,0,24,112,11264,10752
2453958734,0,24,112,22016,10752
2454316970,0,4,0,4707,328
2454320236,0,24,0,6351,64
2454321162,0,34,0,6027,256
2455316854,0,128,112,546,672
2455388034,0,24,112,11264,10752
2455745540,0,24,112,22016,10752
2456103798,0,4,0,4707,328
2456107064,0,24,0,6351,64
2456107998,0,34,0,6027,256
2457061400,0,128,112,546,672
2457174856,0,24,112,11264,10752
2457532382,0,24,112,22016,10752
2457890626,0,4,0,4707,328
2457893892,0,24,0,6351,64
2457894818,0,34,0,6027,256
2458512674,0,128,112,546,672
2458604344,0,24,112,11264,10752
2458961840,0,24,112,22016,10752
2459322808,0,4,0,4707,328
2459326082,0,24,0,6351,64
2459327008,0,34,0,6027,256
2459913502,0,128,112,546,672
2460033798,0,24,112,11264,10752
2460391296,0,24,112,22016,10752
2460752270,0,4,0,4707,328
2460755536,0,24,0,6351,64
2460756470,0,34,0,6027,256
2461318402,0,128,112,546,672
2461463254,0,24,112,11264,10752
2461820770,0,24,112,22016,10752
2462179018,0,4,0,4707,328
2462182284,0,24,0,6351,64
2462183210,0,34,0,6027,256
2462773786,0,128,112,546,672
2462892732,0,24,112,11264,10752
2463250238,0,24,112,22016,10752
2463608484,0,4,0,4707,328
2463611758,0,24,0,6351,64
2463612684,0,34,0,6027,256
2464190982,0,128,112,546,672
2464322226,0,24,112,11264,10752
2464679688,0,24,112,22016,10752
2465037940,0,4,0,4707,328
2465041214,0,24,0,6351,64
2465042140,0,34,0,6027,256
2465928700,0,128,112,546,672
2466109018,0,24,112,11264,10752
2466466538,0,24,112,22016,10752
2466827490,0,4,0,4707,328
2466830756,0,24,0,6351,64
2466831682,0,34,0,6027,256
2467437268,0,128,112,546,672
2467538472,0,24,112,11264,10752
2467896002,0,24,112,22016,10752
2468254242,0,4,0,4707,328
2468257508,0,24,0,6351,64
2468258434,0,34,0,6027,256
2469165462,0,128,112,546,672
2469325328,0,24,112,11264,10752
2469682822,0,24,112,22016,10752
2470041074,0,4,0,4707,328
2470044340,0,24,0,6351,64
2470045266,0,34,0,6027,256
2471177350,0,128,112,546,672
2471469510,0,24,112,11264,10752
2471827026,0,24,112,22016,10752
2472185266,0,4,0,4707,328
2472188532,0,24,0,6351,64
2472189458,0,34,0,6027,256
2472863254,0,128,112,546,672
2472898974,0,24,112,11264,10752
2473256498,0,24,112,22016,10752
2473617448,0,4,0,4707,328
2473620722,0,24,0,6351,64
2473621648,0,34,0,6027,256
2474386832,0,128,112,546,672
2474685792,0,24,112,11264,10752
2475043304,0,24,112,22016,10752
2475404258,0,4,0,4707,328
2475407524,0,24,0,6351,64
2475408450,0,34,0,6027,256
2476079534,0,128,112,546,672
2476115288,0,24,112,11264,10752
2476472780,0,24,112,22016,10752
2476833722,0,4,0,4707,328
2476836988,0,24,0,6351,64
2476837914,0,34,0,6027,256
2477616774,0,128,112,546,672
2477902094,0,24,112,11264,10752
2478259606,0,24,112,22016,10752
2478617858,0,4,0,4707,328
2478621124,0,24,0,6351,64
2478622050,0,34,0,6027,256
2479305382,0,128,112,546,672
2479331566,0,24,112,11264,10752
2479689086,0,24,112,22016,10752
2480047322,0,4,0,4707,328
2480050588,0,24,0,6351,64
2480051514,0,34,0,6027,256
2481228612,0,128,112,546,672
2481475774,0,24,112,11264,10752
2481833266,0,24,112,22016,10752
2482191514,0,4,0,4707,328
2482194780,0,24,0,6351,64
2482195706,0,34,0,6027,256
2482982696,0,128,112,546,672
2483262570,0,24,112,11264,10752
2483620096,0,24,112,22016,10752
2483978346,0,4,0,4707,328
2483981612,0,24,0,6351,64
2483982538,0,34,0,6027,256
2485159630,0,128,112,546,672
2485406774,0,24,112,11264,10752
2485764294,0,24,112,22016,10752
2486122540,0,4,0,4707,328
2486125814,0,24,0,6351,64
2486126740,0,34,0,6027,256
2486887812,0,128,112,546,672
2487193604,0,24,112,11264,10752
2487551112,0,24,112,22016,10752
2487909372,0,4,0,4707,328
2487912646,0,24,0,6351,64
2487913572,0,34,0,6027,256
2488666468,0,128,112,546,672
2488980430,0,24,112,11264,10752
2489337944,0,24,112,22016,10752
2489696202,0,4,0,4707,328
2489699468,0,24,0,6351,64
2489700394,0,34,0,6027,256
2490473752,0,128,112,546,672
2490767270,0,24,112,11264,10752
2491124782,0,24,112,22016,10752
2491483034,0,4,0,4707,328
2491486300,0,24,0,6351,64
2491487226,0,34,0,6027,256
2492286516,0,128,112,546,672
2492554092,0,24,112,11264,10752
2492911614,0,24,112,22016,10752
2493269852,0,4,0,4707,328
2493273126,0,24,0,6351,64
2493274052,0,34,0,6027,256
2494074680,0,128,112,546,672
2494340954,0,24,112,11264,10752
2494698450,0,24,112,22016,10752
2495059408,0,4,0,4707,328
2495062682,0,24,0,6351,64
2495063608,0,34,0,6027,256
2495866968,0,128,112,546,672
2496127746,0,24,112,11264,10752
2496485282,0,24,112,22016,10752
2496846218,0,4,0,4707,328
2496849484,0,24,0,6351,64
2496850410,0,34,0,6027,256
2497664730,0,128,112,546,672
2497914594,0,24,112,11264,10752
2498272102,0,24,112,22016,10752
2498630354,0,4,0,4707,328
2498633620,0,24,0,6351,64
2498634546,0,34,0,6027,256
2499587938,0,128,112,546,672
2499701444,0,24,112,11264,10752
2500058938,0,24,112,22016,10752
2500417178,0,4,0,4707,328
2500420444,0,24,0,6351,64
2500421370,0,34,0,6027,256
2501606644,0,128,112,546,672
2501845630,0,24,112,11264,10752
2502203120,0,24,112,22016,10752
2502561368,0,4,0,4707,328
2502564642,0,24,0,6351,64
2502565568,0,34,0,6027,256
2503628110,0,128,112,546,672
2503989810,0,24,112,11264,10752
2504347326,0,24,112,22016,10752
2504705570,0,4,0,4707,328
2504708836,0,24,0,6351,64
2504709762,0,34,0,6027,256
2505649546,0,128,112,546,672
2505776646,0,24,112,11264,10752
2506134164,0,24,112,22016,10752
2506495110,0,4,0,4707,328
2506498376,0,24,0,6351,64
2506499310,0,34,0,6027,256
2507395446,0,128,112,546,672
2507563464,0,24,112,11264,10752
2507920994,0,24,112,22016,10752
2508279234,0,4,0,4707,328
2508282500,0,24,0,6351,64
2508283426,0,34,0,6027,256
2509077260,0,128,112,546,672
2509350332,0,24,112,11264,10752
2509707814,0,24,112,22016,10752
2510066066,0,4,0,4707,328
2510069332,0,24,0,6351,64
2510070258,0,34,0,6027,256
2510865424,0,128,112,546,672
2511137132,0,24,112,11264,10752
2511494668,0,24,112,22016,10752
2511852894,0,4,0,4707,328
2511856160,0,24,0,6351,64
2511857094,0,34,0,6027,256
2512624980,0,128,112,546,672
2512923950,0,24,112,11264,10752
2513281464,0,24,112,22016,10752
2513639722,0,4,0,4707,328
2513642988,0,24,0,6351,64
2513643914,0,34,0,6027,256
2514440456,0,128,112,546,672
2514710808,0,24,112,11264,10752
2515068314,0,24,112,22016,10752
2515426554,0,4,0,4707,328
2515429820,0,24,0,6351,64
2515430746,0,34,0,6027,256
2516296848,0,128,112,546,672
2516497614,0,24,112,11264,10752
2516855134,0,24,112,22016,10752
2517213386,0,4,0,4707,328
2517216652,0,24,0,6351,64
2517217578,0,34,0,6027,256
2518194154,0,128,112,546,672
2518284454,0,24,112,11264,10752
2518641982,0,24,112,22016,10752
2519002928,0,4,0,4707,328
2519006202,0,24,0,6351,64
2519007128,0,34,0,6027,256
2520353366,0,128,112,546,672
2520428648,0,24,112,11264,10752
2520786166,0,24,112,22016,10752
2521144410,0,4,0,4707,328
2521147676,0,24,0,6351,64
2521148602,0,34,0,6027,256
2522423920,0,128,112,546,672
2522572864,0,24,112,11264,10752
2522930348,0,24,112,22016,10752
2523291310,0,4,0,4707,328
2523294576,0,24,0,6351,64
2523295510,0,34,0,6027,256
2524583100,0,128,112,546,672
2524717072,0,24,112,11264,10752
2525074566,0,24,112,22016,10752
2525432802,0,4,0,4707,328
2525436068,0,24,0,6351,64
2525436994,0,34,0,6027,256
2526698650,0,128,112,546,672
2526861234,0,24,112,11264,10752
2527218750,0,24,112,22016,10752
2527576990,0,4,0,4707,328
2527580256,0,24,0,6351,64
2527581190,0,34,0,6027,256
2528613698,0,128,112,546,672
2528648070,0,24,112,11264,10752
2529005580,0,24,112,22016,10752
2529366534,0,4,0,4707,328
2529369800,0,24,0,6351,64
2529370734,0,34,0,6027,256
2530434882,0,24,112,11264,10752
2530551952,0,128,112,546,672
2530792400,0,24,112,22016,10752
2531150652,0,4,0,4707,328
2531153926,0,24,0,6351,64
2531154852,0,34,0,6027,256
2532270568,0,128,112,546,672
2532579092,0,24,112,11264,10752
2532936628,0,24,112,22016,10752
2533294852,0,4,0,4707,328
2533298126,0,24,0,6351,64
2533299052,0,34,0,6027,256
2534193798,0,128,112,546,672
2534365938,0,24,112,11264,10752
2534723432,0,24,112,22016,10752
2535084390,0,4,0,4707,328
2535087656,0,24,0,6351,64
2535088590,0,34,0,6027,256
2535988826,0,128,112,546,672
2536152742,0,24,112,11264,10752
2536510256,0,24,112,22016,10752
2536871226,0,4,0,4707,328
2536874492,0,24,0,6351,64
2536875418,0,34,0,6027,256
2537755170,0,128,112,546,672
2537939590,0,24,112,11264,10752
2538297106,0,24,112,22016,10752
2538655346,0,4,0,4707,328
2538658612,0,24,0,6351,64
2538659538,0,34,0,6027,256
2539462918,0,128,112,546,672
2539726414,0,24,112,11264,10752
2540083926,0,24,112,22016,10752
2540444888,0,4,0,4707,328
2540448162,0,24,0,6351,64
2540449088,0,34,0,6027,256
2541203354,0,128,112,546,672
2541513256,0,24,112,11264,10752
2541870762,0,24,112,22016,10752
2542231710,0,4,0,4707,328
2542234976,0,24,0,6351,64
2542235910,0,34,0,6027,256
2543013372,0,128,112,546,672
2543300076,0,24,112,11264,10752
2543657594,0,24,112,22016,10752
2544015830,0,4,0,4707,328
2544019096,0,24,0,6351,64
2544020030,0,34,0,6027,256
2544757920,0,128,112,546,672
2545086890,0,24,112,11264,10752
2545444414,0,24,112,22016,10752
2545802662,0,4,0,4707,328
2545805928,0,24,0,6351,64
2545806862,0,34,0,6027,256
2546566592,0,128,112,546,672
2546873724,0,24,112,11264,10752
2547231246,0,24,112,22016,10752
2547589492,0,4,0,4707,328
2547592766,0,24,0,6351,64
2547593692,0,34,0,6027,256
2548303226,0,24,112,11264,10752
2548412054,0,128,112,546,672
2548660712,0,24,112,22016,10752
2549021684,0,4,0,4707,328
2549024958,0,24,0,6351,64
2549025884,0,34,0,6027,256
2549894706,0,128,112,546,672
2550090014,0,24,112,11264,10752
2550447528,0,24,112,22016,10752
2550805780,0,4,0,4707,328
2550809054,0,24,0,6351,64
2550809980,0,34,0,6027,256
2551560150,0,128,112,546,672
2551876842,0,24,112,11264,10752
2552234378,0,24,112,22016,10752
2552592608,0,4,0,4707,328
2552595882,0,24,0,6351,64
2552596808,0,34,0,6027,256
2553404262,0,128,112,546,672
2553663680,0,24,112,11264,10752
2554021198,0,24,112,22016,10752
2554379450,0,4,0,4707,328
2554382716,0,24,0,6351,64
2554383642,0,34,0,6027,256
2555630302,0,128,112,546,672
2555807902,0,24,112,11264,10752
2556165402,0,24,112,22016,10752
2556523640,0,4,0,4707,328
2556526914,0,24,0,6351,64
2556527840,0,34,0,6027,256
2557381658,0,128,112,546,672
2557594712,0,24,112,11264,10752
2557952216,0,24,112,22016,10752
2558313184,0,4,0,4707,328
2558316458,0,24,0,6351,64
2558317384,0,34,0,6027,256
2559141226,0,128,112,546,672
2559381530,0,24,112,11264,10752
2559739054,0,24,112,22016,10752
2560097306,0,4,0,4707,328
2560100572,0,24,0,6351,64
2560101498,0,34,0,6027,256
2561249944,0,128,112,546,672
2561525754,0,24,112,11264,10752
2561883258,0,24,112,22016,10752
2562241496,0,4,0,4707,328
2562244770,0,24,0,6351,64
2562245696,0,34,0,6027,256
2562941302,0,128,112,546,672
2562955224,0,24,112,11264,10752
2563312714,0,24,112,22016,10752
2563670966,0,4,0,4707,328
2563674232,0,24,0,6351,64
2563675166,0,34,0,6027,256
2564455346,0,128,112,546,672
2564742038,0,24,112,11264,10752
2565099554,0,24,112,22016,10752
2565457790,0,4,0,4707,328
2565461056,0,24,0,6351,64
2565461990,0,34,0,6027,256
2566161676,0,128,112,546,672
2566171494,0,24,112,11264,10752
2566529012,0,24,112,22016,10752
2566887258,0,4,0,4707,328
2566890524,0,24,0,6351,64
2566891450,0,34,0,6027,256
2567659350,0,128,112,546,672
2567958332,0,24,112,11264,10752
2568315860,0,24,112,22016,10752
2568676786,0,4,0,4707,328
2568680052,0,24,0,6351,64
2568680978,0,34,0,6027,256
2569371168,0,128,112,546,672
2569387798,0,24,112,11264,10752
2569745314,0,24,112,22016,10752
2570103554,0,4,0,4707,328
2570106820,0,24,0,6351,64
2570107746,0,34,0,6027,256
2570938400,0,128,112,546,672
2571174616,0,24,112,11264,10752
2571532134,0,24,112,22016,10752
2571893096,0,4,0,4707,328
2571896370,0,24,0,6351,64
2571897296,0,34,0,6027,256
2572451048,0,128,112,546,672
2572604080,0,24,112,11264,10752
2572961592,0,24,112,22016,10752