masterClock,frame,gsuPC
2358595188,6600,01B001
2358673474,6600,0182E2
2358680638,6600,01AC95
2359675672,6603,01D197
2359686246,6603,01B498
2359712232,6603,01B504
2359751150,6603,06FB04
2359810884,6603,0181E6
2359816210,6603,0181BE
2359897960,6603,0182BE
2359903582,6603,01829F
2359906466,6603,018295
2359912618,6603,01829F
2359916802,6603,018295
2359923008,6603,01829F
2359940512,6603,01829F
2359961854,6603,018195
2360109440,6604,01B1BE
2360168476,6604,01B001
2360422108,6605,0182E2
2360429346,6605,01AC95
2361333704,6607,01D197
2361344400,6607,01B498
2361370306,6607,01B504
2361501432,6608,06FB04
2361603442,6608,0181E6
2361608736,6608,0181BE
2361690452,6608,0182BE
2361696006,6608,01829F
2361698936,6608,018295
2361705114,6608,01829F
2361709298,6608,018295
2361715488,6608,01829F
2361733032,6608,01829F
2361906912,6609,01B195
2361970970,6609,01B001
2362049266,6609,0182E2
2362056486,6609,01AC95
2363010732,6612,01D197
2363021502,6612,01B498
2363047422,6612,01B504
2363086344,6612,06FB04
2363149240,6612,0181E6
2363154564,6612,0181BE
2363322428,6613,0182BE
2363328052,6613,01829F
2363331012,6613,018295
2363337168,6613,01829F
2363341352,6613,018295
2363347582,6613,01829F
2363365120,6613,01829F
2363388838,6613,018195
2363444516,6613,01B1BE
2363505430,6613,01B001
2363917334,6614,0182E2
2363924462,6614,01AC95
2364754534,6617,01D197
2364765232,6617,01B498
2364791146,6617,01B504
2364830102,6617,06FB04
2364893510,6617,0181E6
2364898844,6617,0181BE
2365066502,6618,0182BE
2365072090,6618,01829F
2365074980,6618,018295
2365081160,6618,01829F
2365085290,6618,018295
2365091480,6618,01829F
2365109042,6618,01829F
2365132658,6618,018195
2365188264,6618,01B1BE
2365249314,6618,01B001
2365425168,6619,0182E2
2365432370,6619,01AC95
2366227416,6621,01D197
2366238066,6621,01B498
2366263980,6621,01B504
2366302986,6621,06FB04
2366369882,6621,0181E6
2366375200,6621,0181BE
2366536968,6622,0182BE
2366542590,6622,01829F
2366545474,6622,018295
2366551654,6622,01829F
2366555770,6622,018295
2366561968,6622,01829F
2366579460,6622,01829F
2366602480,6622,018195
2366655122,6622,01B1BE
2366713776,6622,01B001
2367133022,6623,0182E2
2367140140,6623,01AC95
2367968532,6626,01D197
2367979298,6626,01B498
2368005294,6626,01B504
2368044204,6626,06FB04
2368108930,6626,0181E6
2368114184,6626,0181BE
2368287938,6627,0182BE
2368293484,6627,01829F
2368296376,6627,018295
2368302544,6627,01829F
2368306726,6627,018295
2368312924,6627,01829F
2368330428,6627,01829F
2368353848,6627,018195
2368406490,6627,01B1BE
2368465376,6627,01B001
2368641440,6628,0182E2
2368648636,6628,01AC95
2369500766,6630,01D197
2369511454,6630,01B498
2369537374,6630,01B504
2369576242,6630,06FB04
2369730974,6631,0181E6
2369736292,6631,0181BE
2369810472,6631,0182BE
2369816102,6631,01829F
2369818986,6631,018295
2369825180,6631,01829F
2369829296,6631,018295
2369835486,6631,01829F
2369853064,6631,01829F
2369875976,6631,018195
2369928640,6631,01B1BE
2370079816,6632,01B001
2370158130,6632,0182E2
2370165342,6632,01AC95
2370981508,6634,01D197
2370992192,6634,01B498
2371018098,6634,01B504
2371149302,6635,06FB04
2371211404,6635,0181E6
2371216690,6635,0181BE
2371290814,6635,0182BE
2371296508,6635,01829F
2371299468,6635,018295
2371305624,6635,01829F
2371309808,6635,018295
2371316038,6635,01829F
2371333598,6635,01829F
2371356480,6635,018195
2371501514,6636,01B1BE
2371560370,6636,01B001
2371638686,6636,0182E2
2371645922,6636,01AC95
2372519368,6639,01D197
2372529970,6639,01B498
2372555870,6639,01B504
2372594784,6639,06FB04
2372662710,6639,0181E6
2372668042,6639,0181BE
2372742180,6639,0182BE
2372747814,6639,01829F
2372750774,6639,018295
2372756914,6639,01829F
2372761030,6639,018295
2372767260,6639,01829F
2372784822,6639,01829F
2372807894,6639,018195
2372952764,6640,01B1BE
2373011460,6640,01B001
2373287284,6641,0182E2
2373294522,6641,01AC95
2374181420,6643,01D197
2374192098,6643,01B498
2374218022,6643,01B504
2374256992,6643,06FB04
2374408662,6644,0181E6
2374413980,6644,0181BE
2374488238,6644,0182BE
2374493866,6644,01829F
2374496826,6644,018295
2374502966,6644,01829F
2374507074,6644,018295
2374513312,6644,01829F
2374530858,6644,01829F
2374553840,6644,018195
2374606458,6644,01B1BE
2374757800,6645,01B001
2374836146,6645,0182E2
2374843378,6645,01AC95
2375728926,6648,01D197
2375739528,6648,01B498
2375765320,6648,01B504
2375804234,6648,06FB04
2375868086,6648,0181E6
2375873418,6648,0181BE
2375947586,6648,0182BE
2375953212,6648,01829F
2375956164,6648,018295
2375962320,6648,01829F
2375966444,6648,018295
2375972690,6648,01829F
2375990226,6648,01829F
2376013296,6648,018195
2376158156,6649,01B1BE
2376216852,6649,01B001
2376503572,6650,0182E2
2376510810,6650,01AC95
2377393210,6652,01D197
2377403900,6652,01B498
2377429830,6652,01B504
2377468784,6652,06FB04
2377623562,6653,0181E6
2377628948,6653,0181BE
2377703222,6653,0182BE
2377708836,6653,01829F
2377711796,6653,018295
2377717942,6653,01829F
2377722066,6653,018295
2377728296,6653,01829F
2377745826,6653,01829F
2377768830,6653,018195
2377821434,6653,01B1BE
2377972782,6654,01B001
2378051054,6654,0182E2
2378058286,6654,01AC95
2379021222,6657,01D197
2379031980,6657,01B498
2379057880,6657,01B504
2379096806,6657,06FB04
2379156698,6657,0181E6
2379162024,6657,0181BE
2379236178,6657,0182BE
2379241804,6657,01829F
2379244756,6657,018295
2379250912,6657,01829F
2379255036,6657,018295
2379261274,6657,01829F
2379371004,6658,01829F
2379394000,6658,018195
2379446642,6658,01B1BE
2379505354,6658,01B001
2379719808,6659,0182E2
2379727010,6659,01AC95
2380661304,6661,01D197
2380671994,6661,01B498
2380699454,6661,01B504
2380737574,6662,06FB04
2380797444,6662,0181E6
2380802738,6662,0181BE
2380876992,6662,0182BE
2380882602,6662,01829F
2380885554,6662,018295
2380891694,6662,01829F
2380895818,6662,018295
2380902040,6662,01829F
2380919570,6662,01829F
2380942632,6662,018195
2380995250,6662,01B1BE
2381147536,6663,01B001
2381506640,6664,0182E2
2381513842,6664,01AC95
2382421516,6666,01D197
2382432266,6666,01B498
2382458186,6666,01B504
2382498342,6666,06FB04
2382555272,6667,0181E6
2382560558,6667,0181BE
2382642384,6667,0182BE
2382647998,6667,01829F
2382650950,6667,018295
2382657170,6667,01829F
2382661354,6667,018295
2382667552,6667,01829F
2382685050,6667,01829F
2382708050,6667,018195
2382760688,6667,01B1BE
2382934376,6668,01B001
2383293484,6669,0182E2
2383300696,6669,01AC95
2384209926,6671,01D197
2384220682,6671,01B498
2384246602,6671,01B504
2384286700,6671,06FB04
2384344838,6672,0181E6
2384350168,6672,0181BE
2384409764,6672,0182BE
2384415398,6672,01829F
2384418358,6672,018295
2384424498,6672,01829F
2384428614,6672,018295
2384434836,6672,01829F
2384452398,6672,01829F
2384475468,6672,018195
2384528088,6672,01B1BE
2384721206,6673,01B001
2385080364,6674,0182E2
2385087588,6674,01AC95
2386025454,6676,01D197
2386036158,6676,01B498
2386062036,6676,01B504
2386100052,6677,06FB04
2386160354,6677,0181E6
2386165672,6677,0181BE
2386235330,6677,0182BE
2386240944,6677,01829F
2386243874,6677,018295
2386250052,6677,01829F
2386254236,6677,018295
2386260450,6677,01829F
2386278010,6677,01829F
2386301038,6677,018195
2386353734,6677,01B1BE
2386508040,6678,01B001
2386867112,6679,0182E2
2386874308,6679,01AC95
2387810036,6681,01D197
2387821472,6681,01B498
2387847922,6681,01B504
2387886004,6682,06FB04
2387957828,6682,0181E6
2387963154,6682,0181BE
2387978930,6682,0181BE
2387984216,6682,0181BE
2388043676,6682,0182BE
2388049282,6682,01829F
2388052250,6682,018295
2388058396,6682,01829F
2388062510,6682,018295
2388068762,6682,01829F
2388086338,6682,01829F
2388161204,6682,01B195
2388314388,6683,01B001
2388654020,6684,0182E2
2388661258,6684,01AC95
2389612496,6686,01D197
2389728168,6687,06FB98
2389786522,6687,0181E6
2389791796,6687,0181BE
2389807560,6687,0181BE
2389812884,6687,0181BE
2389872350,6687,0182BE
2389877964,6687,01829F
2389880926,6687,018295
2389887090,6687,01829F
2389891274,6687,018295
2389897504,6687,01829F
2389915040,6687,01829F
2389938920,6687,018195
2390086904,6688,01B1BE
2390147652,6688,01B001
2390225866,6688,0182E2
2390233118,6688,01AC95
2391161340,6691,01D197
2391184706,6691,06FB98
2391240484,6691,0181E6
2391245764,6691,0181BE
2391261512,6691,0181BE
2391266878,6691,0181BE
2391350558,6691,0182BE
2391356142,6691,01829F
2391359034,6691,018295
2391365222,6691,01829F
2391369406,6691,018295
2391375596,6691,01829F
2391393142,6691,01829F
2391417038,6691,018195
2391564288,6692,01B1BE
2391625106,6692,01B001
2391870202,6693,0182E2
2391877410,6693,01AC95
2392860616,6695,01D197
2392883324,6696,06FB98
2392939692,6696,0181E6
2392944998,6696,0181BE
2392960790,6696,0181BE
2392966224,6696,0181BE
2393040280,6696,0182BE
2393045902,6696,01829F
2393048834,6696,018295
2393055014,6696,01829F
2393059190,6696,018295
2393065396,6696,01829F
2393082966,6696,01829F
2393105494,6696,018195
2393154536,6696,01B1BE
2393303156,6697,01B001
2393657140,6698,0182E2
2393664378,6698,01AC95
2394629462,6700,01D197
2394652584,6700,06FB98
2394706652,6701,0181E6
2394711870,6701,0181BE
2394795470,6701,0182BE
2394801076,6701,01829F
2394804028,6701,018295
2394810192,6701,01829F
2394814308,6701,018295
2394820478,6701,01829F
2394838040,6701,01829F
2394860330,6701,018195
2394909448,6701,01B1BE
2395085002,6702,01B001
2395444050,6703,0182E2
2395451214,6703,01AC95
2396362960,6705,01D197
2396386400,6705,06FB98
2396541756,6706,0181E6
2396547082,6706,0181BE
2396630516,6706,0182BE
2396636110,6706,01829F
2396639010,6706,018295
2396645190,6706,01829F
2396649374,6706,018295
2396655564,6706,01829F
2396673116,6706,01829F
2396695408,6706,018195
2396744044,6706,01B1BE
2396893202,6707,01B001
2396971530,6707,0182E2
2396978734,6707,01AC95
2397962572,6710,06FB97
2398019516,6710,0181E6
2398024788,6710,0181BE
2398108222,6710,0182BE
2398113828,6710,01829F
2398116784,6710,018295
2398122930,6710,01829F
2398127046,6710,018295
2398133268,6710,01829F
2398150830,6710,01829F
2398173084,6710,018195
2398314010,6711,01B1BE
2398370784,6711,01B001
2398660170,6712,0182E2
2398667372,6712,01AC95
2399566320,6714,06FB97
2399622208,6714,0181E6
2399627526,6714,0181BE
2399803180,6715,0182BE
2399808782,6715,01829F
2399811682,6715,018295
2399817860,6715,01829F
2399822036,6715,018295
2399828242,6715,01829F
2399845788,6715,01829F
2399868158,6715,018195
2399916868,6715,01B1BE
2399973368,6715,01B001
2400368080,6716,0182E2
2400375208,6716,01AC95
2401190686,6719,06FB97
2401259026,6719,0181E6
2401264292,6719,0181BE
2401347756,6719,0182BE
2401353434,6719,01829F
2401356394,6719,018295
2401362550,6719,01829F
2401366726,6719,018295
2401372964,6719,01829F
2401390524,6719,01829F
2401549402,6720,01B195
2401606166,6720,01B001
2401876478,6721,0182E2
2401883690,6721,01AC95
2402780972,6723,06FB97
2402838536,6723,0181E6
2402843786,6723,0181BE
2403018404,6724,0182BE
2403024018,6724,01829F
2403026908,6724,018295
2403033018,6724,01829F
2403037126,6724,018295
2403043388,6724,01829F
2403060854,6724,01829F
2403083318,6724,018195
2403132088,6724,01B1BE
2403188744,6724,01B001
2403587062,6725,0182E2
2403594174,6726,01AC95
2404401158,6728,06FB97
2404461658,6728,0181E6
2404466976,6728,0181BE
2404549382,6728,0182BE
2404554988,6728,01829F
2404557940,6728,018295
2404564104,6728,01829F
2404568220,6728,018295
2404574388,6728,01829F
2404591950,6728,01829F
2404614342,6728,018195
2404755314,6729,01B1BE
2404812134,6729,01B001
2405092852,6730,0182E2
2405100090,6730,01AC95
2406029918,6732,06FB97
2406181116,6733,0181E6
2406186442,6733,0181BE
2406267546,6733,0182BE
2406273152,6733,01829F
2406276108,6733,018295
2406282216,6733,01829F
2406286364,6733,018295
2406292594,6733,01829F
2406310074,6733,01829F
2406331812,6733,018195
2406377470,6733,01B1BE
2406524458,6734,01B001
2406602824,6734,0182E2
2406609996,6734,01AC95
2407470066,6736,06FB97
2407618830,6737,0181E6
2407624088,6737,0181BE
2407705202,6737,0182BE
2407710808,6737,01829F
2407713764,6737,018295
2407719910,6737,01829F
2407724026,6737,018295
2407730256,6737,01829F
2407747722,6737,01829F
2407769460,6737,018195
2407815118,6737,01B1BE
2407962362,6738,01B001
2408040696,6738,0182E2
2408047940,6738,01AC95
2408865084,6740,06FB97
2408920542,6740,0181E6
2408925876,6740,0181BE
2409099164,6741,0182BE
2409104770,6741,01829F
2409107726,6741,018295
2409113840,6741,01829F
2409117996,6741,018295
2409124226,6741,01829F
2409141706,6741,01829F
2409163436,6741,018195
2409209164,6741,01B1BE
2409263712,6741,01B001
2409659574,6742,0182E2
2409666692,6742,01AC95
2410495660,6745,06FB97
2410553252,6745,0181E6
2410558532,6745,0181BE
2410639948,6745,0182BE
2410645502,6745,01829F
2410648442,6745,018295
2410654626,6745,01829F
2410658802,6745,018295
2410665000,6745,01829F
2410682530,6745,01829F
2410704328,6745,018195
2410842218,6746,01B1BE
2410896952,6746,01B001
2411167998,6747,0182E2
2411175210,6747,01AC95
2412085506,6749,06FB97
2412142264,6749,0181E6
2412239834,6750,0181BE
2412316452,6750,0182BE
2412322046,6750,01829F
2412324946,6750,018295
2412331124,6750,01829F
2412335300,6750,018295
2412341506,6750,01829F
2412359052,6750,01829F
2412380888,6750,018195
2412426594,6750,01B1BE
2412481202,6750,01B001
2412875870,6751,0182E2
2412882988,6751,01AC95
2413806848,6754,06FB97
2413862346,6754,0181E6
2413867620,6754,0181BE
2414048334,6755,0182BE
2414053948,6755,01829F
2414056832,6755,018295
2414062988,6755,01829F
2414067176,6755,018295
2414073332,6755,01829F
2414090802,6755,01829F
2414112516,6755,018195
2414158306,6755,01B1BE
2414213014,6755,01B001
2414384380,6756,0182E2
2414391604,6756,01AC95
2415276928,6758,06FB97
2415338124,6758,0181E6
2415343456,6758,0181BE
2415516712,6759,0182BE
2415522334,6759,01829F
2415525290,6759,018295
2415531404,6759,01829F
2415535520,6759,018295
2415541746,6759,01829F
2415559208,6759,01829F
2415580948,6759,018195
2415626626,6759,01B1BE
2415681174,6759,01B001
2416094870,6760,0182E2
2416101982,6761,01AC95
2416978594,6763,06FB97
2417039000,6763,0181E6
2417044326,6763,0181BE
2417125516,6763,0182BE
2417131122,6763,01829F
2417134006,6763,018295
2417140168,6763,01829F
2417144364,6763,018295
2417242786,6764,01829F
2417260332,6764,01829F
2417282144,6764,018195
2417327820,6764,01B1BE
2417382352,6764,01B001
2417600590,6765,0182E2
2417607802,6765,01AC95
2418467558,6767,06FB97
2418524470,6767,0181E6
2418529752,6767,0181BE
2418703208,6768,0182BE
2418708746,6768,01829F
2418711710,6768,018295
2418717850,6768,01829F
2418721966,6768,018295
2418728188,6768,01829F
2418745762,6768,01829F
2418767586,6768,018195
2418813294,6768,01B1BE
2418867698,6768,01B001
2419308470,6769,0182E2
2419315590,6769,01AC95
2420215100,6772,06FB97
2420273122,6772,0181E6
2420278412,6772,0181BE
2420359718,6772,0182BE
2420457536,6773,01829F
2420460458,6773,018295
2420466550,6773,01829F
2420470740,6773,018295
2420476978,6773,01829F
2420494530,6773,01829F
2420516320,6773,018195
2420561998,6773,01B1BE
2420616686,6773,01B001
2420816850,6774,0182E2
2420824058,6774,01AC95
2421735398,6776,06FB97
2421791210,6776,0181E6
2421888738,6777,0181BE
2421970048,6777,0182BE
2421975664,6777,01829F
2421978616,6777,018295
2421984764,6777,01829F
2421988948,6777,018295
2421995194,6777,01829F
2422012724,6777,01829F
2422034534,6777,018195
2422080324,6777,01B1BE
2422134786,6777,01B001
2422524772,6778,0182E2
2422531892,6778,01AC95
2423447146,6781,06FB97
2423507112,6781,0181E6
2423512394,6781,0181BE
2423693304,6782,0182BE
2423698848,6782,01829F
2423701732,6782,018295
2423707882,6782,01829F
2423712066,6782,018295
2423718264,6782,01829F
2423735762,6782,01829F
2423756780,6782,018195
2423801798,6782,01B1BE
2423855876,6782,01B001
2424033162,6783,0182E2
2424040366,6783,01AC95
2424976522,6785,06FB97
2425125634,6786,0181E6
2425130984,6786,0181BE
2425208782,6786,0182BE
2425214320,6786,01829F
2425217252,6786,018295
2425223438,6786,01829F
2425227628,6786,018295
2425233826,6786,01829F
2425251372,6786,01829F
2425272508,6786,018195
2425317658,6786,01B1BE
2425463962,6787,01B001
2425542280,6787,0182E2
2425549516,6787,01AC95
2426504722,6790,06FB97
2426598970,6790,0181E6
2426604280,6790,0181BE
2426682436,6790,0182BE
2426688048,6790,01829F
2426691004,6790,018295
2426697160,6790,01829F
2426701336,6790,018295
2426707582,6790,01829F
2426725118,6790,01829F
2426747530,6790,018195
2426796590,6790,01B1BE
2427566120,6793,01B001
2427644454,6793,0182E2
2427651686,6793,01AC95
2428661394,6796,06FB97
2428734650,6796,0181E6
2428740006,6796,0181BE
2428817750,6796,0182BE
2428823372,6796,01829F
2428826264,6796,018295
2428832432,6796,01829F
2428836614,6796,018295
2428842812,6796,01829F
2428860316,6796,01829F
2428882714,6796,018195
2428931708,6796,01B1BE
2429710114,6799,01B001
2429788410,6799,0182E2
2429795660,6799,01AC95
2430822548,6802,06FB97
2430891078,6802,0181E6
2430896504,6802,0181BE
2430913856,6802,0181BE
2430918118,6802,0181BE
2430984982,6802,0182BE
2430990604,6802,01829F
2430993556,6802,018295
2430999784,6802,01829F
2431003968,6802,018295
2431010158,6802,01829F
2431027664,6802,01829F
2431050014,6802,018195
2431191222,6803,01B1BE
2431247818,6803,01B001
2431537940,6804,0182E2
2431545178,6804,01AC95
2432558956,6807,06FB97
2432622204,6807,0181E6
2432627214,6807,0181BE
2432643940,6807,0181BE
2432648234,6807,0181BE
2432713470,6807,0182BE
2432719008,6807,01829F
2432721940,6807,018295
2432728126,6807,01829F
2432732316,6807,018295
2432738514,6807,01829F
2432756060,6807,01829F
2432777134,6807,018195
2432819776,6807,01B1BE
2432965608,6808,01B001
2433324690,6809,0182E2
2433331900,6809,01AC95
2434196274,6811,06FB97
2434261564,6811,0181E6
2434266938,6811,0181BE
2434283702,6811,0181BE
2434287956,6811,0181BE
2434445448,6812,0182BE
2434451062,6812,01829F
2434454014,6812,018295
2434460234,6812,01829F
2434464418,6812,018295
2434470616,6812,01829F
2434488114,6812,01829F
2434509102,6812,018195
2434551664,6812,01B1BE
2434604300,6812,01B001
2435032714,6813,0182E2
2435039842,6813,01AC95
2435878202,6816,06FB97
2435941972,6816,0181E6
2435947352,6816,0181BE
2435965640,6816,0181BE
2435969900,6816,0181BE
2436033664,6816,0182BE
2436039294,6816,01829F
2436042178,6816,018295
2436048372,6816,01829F
2436052488,6816,018295
2436058678,6816,01829F
2436076248,6816,01829F
2436189796,6817,018195
2436232072,6817,01B1BE
2436284382,6817,01B001
2436540970,6818,0182E2
2436548174,6818,01AC95
2437324394,6820,01D197
2437347904,6820,06FB98
2437421958,6820,0181E6
2437426212,6820,0181BE
2437474452,6820,0182BE
2437480130,6820,01829F
2437483082,6820,018295
2437489236,6820,01829F
2437493360,6820,018295
2437499582,6820,01829F
2437517112,6820,01829F
2437630556,6821,018195
2437672854,6821,01B1BE
2437725340,6821,01B001
2437970524,6822,0182E2
2437977762,6822,01AC95
2438690942,6824,01D197
2438714386,6824,06FB98
2438787264,6824,0181E6
2438791518,6824,0181BE
2438849990,6824,0182BE
2438855542,6824,01829F
2438858426,6824,018295
2438864578,6824,01829F
2438868762,6824,018295
2438874966,6824,01829F
2438892472,6824,01829F
2438913722,6824,018195
2439048206,6825,01B1BE
2439100532,6825,01B001
2439399914,6826,0182E2
2439407126,6826,01AC95
2440141790,6828,01D197
2440165354,6828,06FB98
2440270318,6828,0181E6
2440274588,6828,0181BE
2440322954,6828,0182BE
2440328560,6828,01829F
2440331444,6828,018295
2440337672,6828,01829F
2440341856,6828,018295
2440348046,6828,01829F
2440365552,6828,01829F
2440480356,6829,018195
2440529018,6829,01B1BE
2440585950,6829,01B001
2440829460,6830,0182E2
2440836684,6830,01AC95
2441776760,6832,01D197
2441800266,6832,06FB98
2441969418,6833,0181E6
2441973686,6833,0181BE
2442021032,6833,0182BE
2442026652,6833,01829F
2442029612,6833,018295
2442035848,6833,01829F
2442040032,6833,018295
2442046222,6833,01829F
2442063720,6833,01829F
2442086362,6833,018195
2442135038,6833,01B1BE
2442284190,6834,01B001
2442362478,6834,0182E2
2442369698,6834,01AC95
2443216740,6836,01D197
2443333564,6837,06FB98
2443415246,6837,0181E6
2443419500,6837,0181BE
2443466802,6837,0182BE
2443472408,6837,01829F
2443475368,6837,018295
2443481508,6837,01829F
2443485630,6837,018295
2443491860,6837,01829F
2443509404,6837,01829F
2443531944,6837,018195
2443580568,6837,01B1BE
2443729150,6838,01B001
2443807458,6838,0182E2
2443814702,6838,01AC95
2444727954,6841,01D197
2444738556,6841,01B498
2444772902,6841,01B504
2444819792,6841,06FB04
2444896556,6841,0181E6
2444900810,6841,0181BE
2444946806,6841,0182BE
2444952428,6841,01829F
2444955388,6841,018295
2444961616,6841,01829F
2444965800,6841,018295
2444971990,6841,01829F
2444989488,6841,01829F
2445011356,6841,018195
2445149280,6842,01B1BE
2445203850,6842,01B001
2445475214,6843,0182E2
2445482374,6843,01AC95
2446327474,6845,01D197
2446338232,6845,01B498
2446372510,6845,01B504
2446419304,6845,06FB04
2446591428,6846,0181E6
2446595710,6846,0181BE
2446641730,6846,0182BE
2446647336,6846,01829F
2446650292,6846,018295
2446656438,6846,01829F
2446660554,6846,018295
2446666776,6846,01829F
2446684322,6846,01829F
2446706266,6846,018195
2446751960,6846,01B1BE
2446806776,6846,01B001
2447185766,6847,0182E2
2447192892,6848,01AC95
2448071926,6850,01D197
2448082676,6850,01B498
2448116976,6850,01B504
2448163768,6850,06FB04
2448340096,6851,0181E6
2448344362,6851,0181BE
2448390302,6851,0182BE
2448395908,6851,01829F
2448398872,6851,018295
2448404980,6851,01829F
2448409096,6851,018295
2448415322,6851,01829F
2448432796,6851,01829F
2448454668,6851,018195
2448500358,6851,01B1BE
2448554936,6851,01B001
2448969884,6852,0182E2
2448977004,6852,01AC95
2449850174,6855,01D197
2449860858,6855,01B498
2449895214,6855,01B504
2449942076,6855,06FB04
2450018384,6855,0181E6
2450022638,6855,0181BE
2450160788,6856,0182BE
2450166394,6856,01829F
2450169350,6856,018295
2450175464,6856,01829F
2450179620,6856,018295
2450185850,6856,01829F
2450203330,6856,01829F
2450225270,6856,018195
2450270892,6856,01B1BE
2450325674,6856,01B001
2450756688,6857,0182E2
2450763816,6857,01AC95
2451667818,6860,01D197
2451678474,6860,01B498
2451712794,6860,01B504
2451759644,6860,06FB04
2451930128,6861,0181E6
2451934394,6861,0181BE
2451980304,6861,0182BE
2451985926,6861,01829F
2451988810,6861,018295
2451994930,6861,01829F
2451999044,6861,018295
2452005330,6861,01829F
2452022804,6861,01829F
2452044692,6861,018195
2452090336,6861,01B1BE
2452144886,6861,01B001
2452543494,6862,0182E2
2452550612,6862,01AC95
2453435948,6865,01D197
2453446652,6865,01B498
2453480938,6865,01B504
2453527790,6865,06FB04
2453703312,6866,0181E6
2453707608,6866,0181BE
2453753586,6866,0182BE
2453759192,6866,01829F
2453762148,6866,018295
2453768294,6866,01829F
2453772410,6866,018295
2453778632,6866,01829F
2453796098,6866,01829F
2453817782,6866,018195
2453863462,6866,01B1BE
2453918222,6866,01B001
2454330348,6867,0182E2
2454337468,6867,01AC95
2455211130,6870,01D197
2455221880,6870,01B498
2455256162,6870,01B504
2455302966,6870,06FB04
2455381654,6870,0181E6
2455385872,6870,0181BE
2455523302,6871,0182BE
2455528924,6871,01829F
2455531814,6871,018295
2455538040,6871,01829F
2455542222,6871,018295
2455548420,6871,01829F
2455565924,6871,01829F
2455587650,6871,018195
2455633352,6871,01B1BE
2455688042,6871,01B001
2456117204,6872,0182E2
2456124324,6872,01AC95
2456953820,6875,01D197
2456964498,6875,01B498
2456998862,6875,01B504
2457045662,6875,06FB04
2457126194,6875,0181E6
2457130424,6875,0181BE
2457268610,6876,0182BE
2457274208,6876,01829F
2457277164,6876,018295
2457283320,6876,01829F
2457287496,6876,018295
2457293742,6876,01829F
2457311278,6876,01829F
2457333038,6876,018195
2457378682,6876,01B1BE
2457433440,6876,01B001
2457625582,6877,0182E2
2457632794,6877,01AC95
2458406722,6879,01D197
2458417480,6879,01B498
2458451766,6879,01B504
2458498658,6879,06FB04
2458577482,6879,0181E6
2458581712,6879,0181BE
2458719912,6880,0182BE
2458725534,6880,01829F
2458728498,6880,018295
2458734654,6880,01829F
2458738830,6880,018295
2458745074,6880,01829F
2458762604,6880,01829F
2458784348,6880,018195
2458829984,6880,01B1BE
2458884486,6880,01B001
2459055288,6881,0182E2
2459062600,6881,01AC95
2459803690,6883,01D197
2459814448,6883,01B498
2459848726,6883,01B504
2459895516,6883,06FB04
2459978346,6883,0181E6
2459982680,6883,0181BE
2460028644,6883,0182BE
2460126520,6884,01829F
2460129464,6884,018295
2460135632,6884,01829F
2460139816,6884,018295
2460146046,6884,01829F
2460163598,6884,01829F
2460185358,6884,018195
2460230988,6884,01B1BE
2460285780,6884,01B001
2460484506,6885,0182E2
2460491716,6885,01AC95
2461215690,6887,01D197
2461226346,6887,01B498
2461260630,6887,01B504
2461307414,6887,06FB04
2461383220,6887,0181E6
2461387438,6887,0181BE
2461433410,6887,0182BE
2461439030,6887,01829F
2461441982,6887,018295
2461448202,6887,01829F
2461452386,6887,018295
2461458590,6887,01829F
2461568346,6888,01829F
2461590304,6888,018195
2461636010,6888,01B1BE
2461690640,6888,01B001
2461913966,6889,0182E2
2461921178,6889,01AC95
2462666226,6891,01D197
2462676912,6891,01B498
2462711270,6891,01B504
2462758078,6891,06FB04
2462838606,6891,0181E6
2462842824,6891,0181BE
2462988394,6892,0182BE
2462994028,6892,01829F
2462996912,6892,018295
2463003124,6892,01829F
2463007300,6892,018295
2463013506,6892,01829F
2463031010,6892,01829F
2463052252,6892,018195
2463097330,6892,01B1BE
2463151720,6892,01B001
2463343438,6893,0182E2
2463350650,6893,01AC95
2464084620,6895,01D197
2464095316,6895,01B498
2464129594,6895,01B504
2464176416,6895,06FB04
2464278754,6895,0181E6
2464282766,6895,0181BE
2464444328,6896,0182BE
2464449950,6896,01829F
2464452834,6896,018295
2464459022,6896,01829F
2464463138,6896,018295
2464469416,6896,01829F
2464486886,6896,01829F
2464509464,6896,018195
2464560128,6896,01B1BE
2464617776,6896,01B001
2465051316,6897,0182E2
2465058434,6897,01AC95
2465824696,6900,01D197
2465835362,6900,01B498
2465869686,6900,01B504
2465916504,6900,06FB04
2465993598,6900,0181E6
2465997492,6900,0181BE
2466010938,6900,0181BE
2466015088,6900,0181BE
2466060968,6900,0182BE
2466066670,6900,01829F
2466069622,6900,018295
2466075762,6900,01829F
2466079938,6900,018295
2466086168,6900,01829F
2466103714,6900,01829F
2466218544,6901,018195
2466269206,6901,01B1BE
2466326866,6901,01B001
2466559812,6902,0182E2
2466567036,6902,01AC95
2467334026,6904,01D197
2467344784,6904,01B498
2467379062,6904,01B504
2467425896,6904,06FB04
2467502184,6904,0181E6
2467506062,6904,0181BE
2467519492,6904,0181BE
2467523674,6904,0181BE
2467661550,6905,0182BE
2467667164,6905,01829F
2467670048,6905,018295
2467676206,6905,01829F
2467680396,6905,018295
2467686594,6905,01829F
2467704114,6905,01829F
2467726732,6905,018195
2467777430,6905,01B1BE
2467834808,6905,01B001
2468267620,6906,0182E2
2468274740,6906,01AC95
2469059684,6909,01D197
2469070414,6909,01B498
2469104706,6909,01B504
2469151510,6909,06FB04
2469230340,6909,0181E6
2469234292,6909,0181BE
2469247488,6909,0181BE
2469251368,6909,0181BE
2469304806,6909,0182BE
2469310434,6909,01829F
2469313394,6909,018295
2469319534,6909,01829F
2469323642,6909,018295
2470055096,6911,01829F
2470071930,6912,01829F
2470092688,6912,018195
2470139178,6912,01B1BE
2470195566,6912,01B001
2470273862,6912,0182E2
2470281082,6912,01AC95
2471075936,6914,01D197
2471086572,6914,01B498
2471120848,6914,01B504
2471166850,6915,06FB04
2471264264,6915,0181E6
2471268230,6915,0181BE
2471307874,6915,0181BE
2471311780,6915,0181BE
2471354570,6915,0182BE
2471360176,6915,01829F
2471363132,6915,018295
2471369304,6915,01829F
2471373486,6915,018295
2471379724,6915,01829F
2471397282,6915,01829F
2471420608,6915,018195
2471566520,6916,01B1BE
2471626200,6916,01B001
2471920392,6917,0182E2
2471927624,6917,01AC95
2472760916,6919,01D197
2472771606,6919,01B498
2472805890,6919,01B504
2472852712,6919,06FB04
2473009816,6920,0181E6
2473014078,6920,0181BE
2473027620,6920,0181BE
2473031968,6920,0181BE
2473045366,6920,0181BE
2473049448,6920,0181BE
2473065812,6920,0181BE
2473069758,6920,0181BE
2473112474,6920,0182BE
2473118080,6920,01829F
2473120970,6920,018295
2473127172,6920,01829F
2473131296,6920,018295
2473137486,6920,01829F
2473154956,6920,01829F
2473176888,6920,018195
2473224304,6920,01B1BE
2473372616,6921,01B001
2473450910,6921,0182E2
2473458154,6921,01AC95
2474285122,6923,01D197
2474295880,6923,01B498
2474330276,6923,01B504
2474376332,6924,06FB04
2474439442,6924,0181E6
2474443744,6924,0181BE
2474457354,6924,0181BE
2474461260,6924,0181BE
2474474698,6924,0181BE
2474478888,6924,0181BE
2474495046,6924,0181BE
2474498992,6924,0181BE
2474541690,6924,0182BE
2474547236,6924,01829F
2474550160,6924,018295
2474556348,6924,01829F
2474560532,6924,018295
2474566736,6924,01829F
2474584282,6924,01829F
2474606224,6924,018195
2474653664,6924,01B1BE
2474801472,6925,01B001
2475136514,6926,0182E2
2475143726,6926,01AC95
2475973720,6928,01D197
2475984478,6928,01B498
2476018768,6928,01B504
2476065582,6928,06FB04
2476225502,6929,0181E6
2476229774,6929,0181BE
2476245064,6929,0181BE
2476249026,6929,0181BE
2476262236,6929,0181BE
2476266130,6929,0181BE
2476289674,6929,0181BE
2476293568,6929,0181BE
2476340586,6929,0182BE
2476346214,6929,01829F
2476349098,6929,018295
2476355258,6929,01829F
2476359442,6929,018295
2476365638,6929,01829F
2476383136,6929,01829F
2476404418,6929,018195
2476449022,6929,01B1BE
2476596002,6930,01B001
2476674322,6930,0182E2
2476681582,6930,01AC95
2477510874,6932,01D197
2477521632,6932,01B498
2477555922,6932,01B504
2477601962,6933,06FB04
2477670212,6933,0181E6
2477674474,6933,0181BE
2477689818,6933,0181BE
2477694076,6933,0181BE
2477707294,6933,0181BE
2477711248,6933,0181BE
2477724464,6933,0181BE
2477728348,6933,0181BE
2477772450,6933,0182BE
2477778056,6933,01829F
2477781008,6933,018295
2477787148,6933,01829F
2477791264,6933,018295
2477797494,6933,01829F
2477815046,6933,01829F
2477836302,6933,018195
2477880868,6933,01B1BE
2478027396,6934,01B001
2478352808,6935,0182E2
2478360004,6935,01AC95
2479199704,6937,01D197
2479210468,6937,01B498
2479244746,6937,01B504
2479291558,6937,06FB04
2479467122,6938,0181E6
2479471424,6938,0181BE
2479486752,6938,0181BE
2479490638,6938,0181BE
2479503862,6938,0181BE
2479507808,6938,0181BE
2479521104,6938,0181BE
2479524978,6938,0181BE
2479569252,6938,0182BE
2479574798,6938,01829F
2479577682,6938,018295
2479583834,6938,01829F
2479588018,6938,018295
2479594216,6938,01829F
2479611714,6938,01829F
2479633572,6938,018195
2479681624,6938,01B1BE
2480098572,6940,01B001
2480176910,6940,0182E2
2480184154,6940,01AC95
2481125254,6942,01D197
2481135908,6942,01B498
2481170144,6943,01B504
2481216880,6943,06FB04
2481283702,6943,0181E6
2481287956,6943,0181BE
2481303264,6943,0181BE
2481307564,6943,0181BE
2481320730,6943,0181BE
2481324920,6943,0181BE
2481338150,6943,0181BE
2481342104,6943,0181BE
2481386174,6943,0182BE
2481391712,6943,01829F
2481394644,6943,018295
2481400830,6943,01829F
2481405020,6943,018295
2481411224,6943,01829F
2481428786,6943,01829F
2481450644,6943,018195
2481590844,6944,01B1BE
2481647446,6944,01B001
2481926500,6945,0182E2
2481933712,6945,01AC95
2482878206,6947,01D197
2482888964,6947,01B498
2482923262,6947,01B504
2482969320,6948,06FB04
2483037636,6948,0181E6
2483041890,6948,0181BE
2483057336,6948,0181BE
2483061242,6948,0181BE
2483074508,6948,0181BE
2483078454,6948,0181BE
2483091712,6948,0181BE
2483095666,6948,0181BE
2483139536,6948,0182BE
2483145090,6948,01829F
2483148068,6948,018295
2483154224,6948,01829F
2483158400,6948,018295
2483164630,6948,01829F
2483182184,6948,01829F
2483204114,6948,018195
2483252124,6948,01B1BE
2484029572,6951,01B001
2484107868,6951,0182E2
2484115118,6951,01AC95
2485052978,6953,01D197
2485063632,6953,01B498
2485097936,6954,01B504
2485144580,6954,06FB04
2485214682,6954,0181E6
2485218936,6954,0181BE
2485234322,6954,0181BE
2485238616,6954,0181BE
2485251786,6954,0181BE
2485255732,6954,0181BE
2485303844,6954,0182BE
2485309396,6954,01829F
2485312280,6954,018295
2485318468,6954,01829F
2485322582,6954,018295
2485328780,6954,01829F
2485346334,6954,01829F
2485368260,6954,018195
2485508406,6955,01B1BE
2485564996,6955,01B001
2485857494,6956,0182E2
2485864706,6956,01AC95
2486783836,6958,01D197
2486794492,6958,01B498
2486828824,6958,01B504
2486874864,6959,06FB04
2486941506,6959,0181E6
2486945760,6959,0181BE
2486961226,6959,0181BE
2486965172,6959,0181BE
2486978480,6959,0181BE
2486982426,6959,0181BE
2487030242,6959,0182BE
2487035870,6959,01829F
2487038794,6959,018295
2487044966,6959,01829F
2487049142,6959,018295
2487055356,6959,01829F
2487072950,6959,01829F
2487094838,6959,018195
2487142850,6959,01B1BE
2487291940,6960,01B001
2487644322,6961,0182E2
2487651532,6961,01AC95
2488561978,6963,01D197
2488572728,6963,01B498
2488607006,6963,01B504
2488653264,6964,06FB04
2488719512,6964,0181E6
2488723782,6964,0181BE
2488739208,6964,0181BE
2488743500,6964,0181BE
2488795296,6964,0182BE
2488800840,6964,01829F
2488803724,6964,018295
2488809874,6964,01829F
2488814058,6964,018295
2488820256,6964,01829F
2488837754,6964,01829F
2488859574,6964,018195
2488907616,6964,01B1BE
2489072046,6965,01B001
2489431154,6966,0182E2
2489438366,6966,01AC95
2490371162,6968,01D197
2490381818,6968,01B498
2490416122,6968,01B504
2490462124,6969,06FB04
2490528012,6969,0181E6
2490532274,6969,0181BE
2490547692,6969,0181BE
2490551574,6969,0181BE
2490603294,6969,0182BE
2490608972,6969,01829F
2490611932,6969,018295
2490618078,6969,01829F
2490622254,6969,018295
2490628498,6969,01829F
2490646060,6969,01829F
2490667956,6969,018195
2490715962,6969,01B1BE
2490864954,6970,01B001
2491217984,6971,0182E2
2491225180,6971,01AC95
2492181954,6973,01D197
2492192704,6973,01B498
2492226954,6974,01B504
2492273132,6974,06FB04
2492341490,6974,0181E6
2492345760,6974,0181BE
2492361102,6974,0181BE
2492365396,6974,0181BE
2492427442,6974,0182BE
2492433054,6974,01829F
2492435946,6974,018295
2492442086,6974,01829F
2492446274,6974,018295
2492452432,6974,01829F
2492469908,6974,01829F
2492491786,6974,018195
2492539824,6974,01B1BE
2492687390,6975,01B001
2493004832,6976,0182E2
2493012034,6976,01AC95
2493967988,6978,01D197
2493978646,6978,01B498
2494012950,6979,01B504
2494059100,6979,06FB04
2494129720,6979,0181E6
2494134022,6979,0181BE
2494149348,6979,0181BE
2494153254,6979,0181BE
2494204644,6979,0182BE
2494210258,6979,01829F
2494213218,6979,018295
2494219358,6979,01829F
2494223474,6979,018295
2494229644,6979,01829F
2494247206,6979,01829F
2494269044,6979,018195
2494317094,6979,01B1BE
2494466004,6980,01B001
2494791724,6981,0182E2
2494798962,6981,01AC95
2495761988,6983,01D197
2495772692,6983,01B498
2495806938,6984,01B504
2495853350,6984,06FB04
2495922018,6984,0181E6
2495926304,6984,0181BE
2495941568,6984,0181BE
2495945482,6984,0181BE
2495997298,6984,0182BE
2496002844,6984,01829F
2496005768,6984,018295
2496011948,6984,01829F
2496016132,6984,018295
2496022336,6984,01829F
2496039882,6984,01829F
2496061986,6984,018195
2496110026,6984,01B1BE
2496258890,6985,01B001
2496578556,6986,0182E2
2496585780,6986,01AC95
2497561822,6988,01D197
2497572460,6988,01B498
2497606682,6989,01B504
2497653384,6989,06FB04
2497721224,6989,0181E6
2497725518,6989,0181BE
2497740796,6989,0181BE
2497744702,6989,0181BE
2497832176,6989,0182BE
2497837806,6989,01829F
2497840698,6989,018295
2497846878,6989,01829F
2497850994,6989,018295
2497857256,6989,01829F
2497874720,6989,01829F
2497898210,6989,018195
2498044218,6990,01B1BE
2498102472,6990,01B001
2498365466,6991,0182E2
2498372630,6991,01AC95
2499480168,6994,01D197
2499490864,6994,01B498
2499525146,6994,01B504
2499571974,6994,06FB04
2499645934,6994,0181E6
2499650260,6994,0181BE
2499665504,6994,0181BE
2499669818,6994,0181BE
2499841690,6995,0182BE
2499847306,6995,01829F
2499850258,6995,018295
2499856406,6995,01829F
2499860582,6995,018295
2499866812,6995,01829F
2499884366,6995,01829F
2499907176,6995,018195
2499960780,6995,01B1BE
2500018884,6995,01B001
2500430550,6996,0182E2
2500437670,6996,01AC95
2501502758,6999,01D197
2501513372,7000,01B498
2501547672,7000,01B504
2501594448,7000,06FB04
2501665608,7000,0181E6
2501669900,7000,0181BE
2501685160,7000,0181BE
2501689500,7000,0181BE
2501780982,7000,0182BE
2501786536,7000,01829F
2501789428,7000,018295
2501795608,7000,01829F
2501799716,7000,018295
2501805994,7000,01829F
2501823484,7000,01829F
2501939874,7001,018195
2501999102,7001,01B1BE
2502058966,7001,01B001
2502296470,7002,0182E2
2502303692,7002,01AC95
2503522838,7005,01D197
2503533480,7005,01B498
2503567826,7005,01B504
2503614710,7005,06FB04
2503684782,7006,0181E6
2503688920,7006,0181BE
2503797420,7006,0182BE
2503803034,7006,01829F
2503806002,7006,018295
2503812150,7006,01829F
2503816258,7006,018295
2503822496,7006,01829F
2503840040,7006,01829F
2503862336,7006,018195
2503915884,7006,01B1BE
2504081418,7007,01B001
2504440544,7008,0182E2
2504447746,7008,01AC95
2505541578,7011,01D197
2505552276,7011,01B498
2505586546,7011,01B504
2505633444,7011,06FB04
2505707510,7011,0181E6
2505711456,7011,0181BE
2505868124,7012,0182BE
2505873726,7012,01829F
2505876686,7012,018295
2505882826,7012,01829F
2505886942,7012,018295
2505893096,7012,01829F
2505910634,7012,01829F
2505933052,7012,018195
2505986738,7012,01B1BE
2506044108,7012,01B001
2506227382,7013,0182E2
2506234586,7013,01AC95
2507289754,7016,01D197
2507300456,7016,01B498
2507334754,7016,01B504
2507381558,7016,06FB04
2507452832,7016,0181E6
2507457158,7016,0181BE
2507543754,7016,0182BE
2507549382,7016,01829F
2507552266,7016,018295
2507558454,7016,01829F
2507654858,7017,018295
2507661026,7017,01829F
2507678524,7017,01829F
2507698946,7017,018195
2507744210,7017,01B1BE
2507797542,7017,01B001
2508014268,7018,0182E2
2508021492,7018,01AC95
2508973012,7020,01D197
2508983708,7020,01B498
2509017932,7021,01B504
2509063926,7021,06FB04
2509133606,7021,0181E6
2509137552,7021,0181BE
2509194058,7021,0182BE
2509199644,7021,01829F
2509202528,7021,018295
2509208700,7021,01829F
2509212876,7021,018295
2509219082,7021,01829F
2509236620,7021,01829F
2509257080,7021,018195
2509302272,7021,01B1BE
2509448012,7022,01B001
2509801016,7023,0182E2
2509808212,7023,01AC95
2510758138,7025,01D197
2510768896,7025,01B498
2510803172,7026,01B504
2510849166,7026,06FB04
2510921852,7026,0181E6
2510926152,7026,0181BE
2510989908,7026,0182BE
2510995522,7026,01829F
2510998482,7026,018295
2511004630,7026,01829F
2511008762,7026,018295
2511014932,7026,01829F
2511032494,7026,01829F
2511052356,7026,018195
2511094798,7026,01B1BE
2511239118,7027,01B001
2511587924,7028,0182E2
2511595162,7028,01AC95
2512521992,7030,01D197
2512532756,7030,01B498
2512568428,7030,01B504
2512614480,7031,06FB04
2512680406,7031,0181E6
2512684352,7031,0181BE
2512737348,7031,0182BE
2512742954,7031,01829F
2512745838,7031,018295
2512752064,7031,01829F
2512756246,7031,018295
2512762444,7031,01829F
2512779948,7031,01829F
2512799864,7031,018195
2512842316,7031,01B1BE
2513015566,7032,01B001
2513374674,7033,0182E2
2513381884,7033,01AC95
2514336386,7035,01D197
2514347036,7035,01B498
2514381238,7036,01B504
2514427272,7036,06FB04
2514519654,7036,0181E6
2514523592,7036,0181BE
2514611346,7036,0182BE
2514616952,7036,01829F
2514619904,7036,018295
2514626052,7036,01829F
2514630240,7036,018295
2514636396,7036,01829F
2514653874,7036,01829F
2514675106,7036,018195
2514815500,7037,01B1BE
2514871086,7037,01B001
2515161674,7038,0182E2
2515168838,7038,01AC95
2516193906,7041,01D197
2516204480,7041,01B498
2516238808,7041,01B504
2516285592,7041,06FB04
2516353486,7041,0181E6
2516357826,7041,0181BE
2516371224,7041,0181BE
2516375178,7041,0181BE
2516436850,7041,0182BE
2516442436,7041,01829F
2516445328,7041,018295
2516451500,7041,01829F
2516455676,7041,018295
2516461882,7041,01829F
2516479420,7041,01829F
2516592916,7042,018195
2516640906,7042,01B1BE
2516696738,7042,01B001
2516948312,7043,0182E2
2516955516,7043,01AC95
2518090908,7046,01D197
2518101620,7046,01B498
2518135906,7046,01B504
2518182734,7046,06FB04
2518250754,7046,0181E6
2518254700,7046,0181BE
2518268138,7046,0181BE
2518272020,7046,0181BE
2518425832,7047,0182BE
2518431454,7047,01829F
2518434338,7047,018295
2518440458,7047,01829F
2518444574,7047,018295
2518450844,7047,01829F
2518468310,7047,01829F
2518489524,7047,018195
2518537592,7047,01B1BE
2518593140,7047,01B001
2519016334,7048,0182E2
2519023446,7049,01AC95
2520242946,7052,01D197
2520253648,7052,01B498
2520287926,7052,01B504
2520334778,7052,06FB04
2520409908,7052,0181E6
2520414208,7052,0181BE
2520519702,7053,0181BE
2520523834,7053,0181BE
2520613622,7053,0182BE
2520619176,7053,01829F
2520622068,7053,018295
2520628248,7053,01829F
2520632356,7053,018295
2520638634,7053,01829F
2520656132,7053,01829F
2520676908,7053,018195
2520722116,7053,01B1BE
2520776614,7053,01B001
2521158060,7054,0182E2
2521165220,7054,01AC95
2522320894,7058,01D197
2522331652,7058,01B498
2522365930,7058,01B504
2522412736,7058,06FB04
2522503290,7058,0181E6
2522507296,7058,0181BE
2522547000,7058,0181BE
2522550954,7058,0181BE
2522702432,7059,0182BE
2522708046,7059,01829F
2522710998,7059,018295
2522717154,7059,01829F
2522721262,7059,018295
2522727500,7059,01829F
2522745062,7059,01829F
2522766936,7059,018195
2522817780,7059,01B1BE
2522875740,7059,01B001
2523304670,7060,0182E2
2523311782,7061,01AC95
2524480666,7064,01D197
2524491356,7064,01B498
2524525654,7064,01B504
2524572536,7064,06FB04
2524639536,7064,0181E6
2524643482,7064,0181BE
2524656864,7064,0181BE
2524661072,7064,0181BE
2524677226,7064,0181BE
2524681104,7064,0181BE
2524832366,7065,0182BE
2524837972,7065,01829F
2524840862,7065,018295
2524847040,7065,01829F
2524851148,7065,018295
2524857362,7065,01829F
2524874846,7065,01829F
2524897046,7065,018195
2524947848,7065,01B1BE
2525005862,7065,01B001
2525446180,7066,0182E2
2525453300,7066,01AC95
2526594938,7070,01D197
2526605660,7070,01B498
2526639938,7070,01B504
2526686778,7070,06FB04
2526755012,7070,0181E6
2526758964,7070,0181BE
2526772326,7070,0181BE
2526776220,7070,0181BE
2526792698,7070,0181BE
2526796584,7070,0181BE
2526952920,7071,0182BE
2526958504,7071,01829F
2526961388,7071,018295
2526967624,7071,01829F
2526971808,7071,018295
2526978012,7071,01829F
2526995526,7071,01829F
2527063844,7071,01B195
2527121566,7071,01B001
2527311968,7072,0182E2
2527319170,7072,01AC95
2528507870,7075,01D197
2528518628,7075,01B498
2528552906,7075,01B504
2528599690,7075,06FB04
2528763982,7076,0181E6
2528767872,7076,0181BE
2528781070,7076,0181BE
2528784992,7076,0181BE
2528808834,7076,0181BE
2528812728,7076,0181BE
2528868470,7076,0182BE
2528874076,7076,01829F
2528876976,7076,018295
2528883154,7076,01829F
2528887262,7076,018295
2528893552,7076,01829F
2528911026,7076,01829F
2528932222,7076,018195
2528980292,7076,01B1BE
2529129340,7077,01B001
2529207678,7077,0182E2
2529214890,7077,01AC95
2530353800,7080,01D197
2530364456,7080,01B498
2530398790,7080,01B504
2530537874,7081,06FB04
2530610034,7081,0181E6
2530613980,7081,0181BE
2530627244,7081,0181BE
2530631126,7081,0181BE
2530644370,7081,0181BE
2530648284,7081,0181BE
2530704360,7081,0182BE
2530709982,7081,01829F
2530712866,7081,018295
2530719046,7081,01829F
2530723170,7081,018295
2530729440,7081,01829F
2530746910,7081,01829F
2530768280,7081,018195
2530908764,7082,01B1BE
2530965188,7082,01B001
2531043466,7082,0182E2
2531050746,7082,01AC95
2532166722,7085,01D197
2532178144,7085,01B498
2532212430,7085,01B504
2532258428,7086,06FB04
2532328150,7086,0181E6
2532332436,7086,0181BE
2532345636,7086,0181BE
2532349522,7086,0181BE
2532362704,7086,0181BE
2532366666,7086,0181BE
2532422528,7086,0182BE
2532428142,7086,01829F
2532431026,7086,018295
2532437178,7086,01829F
2532441362,7086,018295
2532447560,7086,01829F
2532465078,7086,01829F
2532486676,7086,018195
2532534686,7086,01B1BE
2532683760,7087,01B001
2533029884,7088,0182E2
2533037122,7088,01AC95
2534151540,7091,01D197
2534174978,7091,06FB98
2534252964,7091,0181E6
2534256918,7091,0181BE
2534270126,7091,0181BE
2534274004,7091,0181BE
2534287304,7091,0181BE
2534291266,7091,0181BE
2534347046,7091,0182BE
2534352668,7091,01829F
2534355552,7091,018295
2534361770,7091,01829F
2534458154,7092,018295
2534464374,7092,01829F
2534481934,7092,01829F
2534503632,7092,018195
2534551628,7092,01B1BE
2534608098,7092,01B001
2534816658,7093,0182E2
2534823862,7093,01AC95
2535954022,7096,01D197
2535977488,7096,06FB98
2536048218,7096,0181E6
2536052552,7096,0181BE
2536065770,7096,0181BE
2536069724,7096,0181BE
2536133234,7096,0182BE
2536138840,7096,01829F
2536141804,7096,018295
2536147912,7096,01829F
2536244490,7097,018295
2536250664,7097,01829F
2536268224,7097,01829F
2536289896,7097,018195
2536337082,7097,01B1BE
2536392902,7097,01B001
2536603776,7098,0182E2
2536611086,7098,01AC95
2537718442,7101,01D197
2537741866,7101,06FB98
2537814388,7101,0181E6
2537818674,7101,0181BE
2537832000,7101,0181BE
2537835954,7101,0181BE
2537932370,7101,0182BE
2537937976,7101,01829F
2538032794,7102,018295
2538038940,7102,01829F
2538043048,7102,018295
2538049270,7102,01829F
2538066808,7102,01829F
2538138302,7102,01B195
2538196518,7102,01B001
2538390466,7103,0182E2
2538397630,7103,01AC95
2539427384,7106,01D197
2539450384,7106,06FB98
2539568814,7106,0181E6
2539572776,7106,0181BE
2539637534,7106,0182BE
2539643144,7106,01829F
2539646104,7106,018295
2539652244,7106,01829F
2539656366,7106,018295
2539662596,7106,01829F
2539680144,7106,01829F
2539703560,7106,018195
2539852012,7107,01B1BE
2539912640,7107,01B001
2540177126,7108,0182E2
2540184338,7108,01AC95
2541166388,7110,01D197
2541189150,7111,06FB98
2541272670,7111,0181E6
2541276970,7111,0181BE
2541341754,7111,0182BE
2541347300,7111,01829F
2541350184,7111,018295
2541356342,7111,01829F
2541360532,7111,018295
2541366730,7111,01829F
2541384250,7111,01829F
2541407656,7111,018195
2541463856,7111,01B1BE
2541616498,7112,01B001
2541964036,7113,0182E2
2541971274,7113,01AC95
2543002296,7116,06FB97
2543077436,7116,0181E6
2543081322,7116,0181BE
2543140246,7116,0182BE
2543145864,7116,01829F
2543148824,7116,018295
2543154964,7116,01829F
2543159148,7116,018295
2543165386,7116,01829F
2543182948,7116,01829F
2543205120,7116,018195
2543255600,7116,01B1BE
2543405622,7117,01B001
2543750868,7118,0182E2
2543758092,7118,01AC95
2544744128,7120,06FB97
2544822998,7121,0181E6
2544827284,7121,0181BE
2544885826,7121,0182BE
2544891440,7121,01829F
2544894324,7121,018295
2544900504,7121,01829F
2544904626,7121,018295
2544910888,7121,01829F
2544928360,7121,01829F
2544950532,7121,018195
2545000984,7121,01B1BE
2545178520,7122,01B001
2545537616,7123,0182E2
2545544812,7123,01AC95
2546554900,7126,06FB97
2546628244,7126,0181E6
2546632118,7126,0181BE
2546686352,7126,0182BE
2546691974,7126,01829F
2546694858,7126,018295
2546700978,7126,01829F
2546705086,7126,018295
2546711354,7126,01829F
2546728844,7126,01829F
2546749650,7126,018195
2546794254,7126,01B1BE
2546965332,7127,01B001
2547324464,7128,0182E2
2547331666,7128,01AC95
2548396348,7131,06FB97
2548478572,7131,0181E6
2548482478,7131,0181BE
2548536732,7131,0182BE
2548542344,7131,01829F
2548545228,7131,018295
2548551378,7131,01829F
2548555562,7131,018295
2548561760,7131,01829F
2548579258,7131,01829F
2548599992,7131,018195
2548644690,7131,01B1BE
2548791114,7132,01B001
2548869444,7132,0182E2
2548876684,7132,01AC95
2549880690,7135,06FB97
2549957786,7135,0181E6
2549961746,7135,0181BE
2550015974,7135,0182BE
2550021550,7135,01829F
2550024520,7135,018295
2550030636,7135,01829F
2550034784,7135,018295
2550041014,7135,01829F
2550058502,7135,01829F
2550079284,7135,018195
2550216220,7136,01B1BE
2550270292,7136,01B001
2550540738,7137,0182E2
2550547948,7137,01AC95
2551548650,7140,06FB97
2551683148,7140,0182E6
2551688762,7140,01829F
2551691722,7140,018295
2551697862,7140,01829F
2551701970,7140,018295
2551708208,7140,01829F
2551725768,7140,01829F
2551746476,7140,018195
2551791174,7140,01B1BE
2551968450,7141,01B001
2552327652,7142,0182E2
2552334876,7142,01AC95
2553392306,7145,06FB97
2553547522,7145,0182E6
2553553138,7145,01829F
2553556090,7145,018295
2553562236,7145,01829F
2553566418,7145,018295
2553572648,7145,01829F
2553590206,7145,01829F
2553610304,7145,018195
2553661342,7145,01B1BE
2554431876,7148,01B001
2554510170,7148,0182E2
2554517342,7148,01AC95
2555613550,7151,06FB97
2555747502,7151,0182E6
2555753116,7151,01829F
2555756072,7151,018295
2555762212,7151,01829F
2555766402,7151,018295
2555772632,7151,01829F
2555790204,7151,01829F
2555902500,7152,018195
2555953562,7152,01B1BE
2556011830,7152,01B001
2556258676,7153,0182E2
2556265914,7153,01AC95
2557365768,7156,06FB97
2557495534,7156,0182E6
2557501088,7156,01829F
2557504026,7156,018295
2557510204,7156,01829F
2557514388,7156,018295
2557520602,7156,01829F
2557538162,7156,01829F
2557558300,7156,018195
2557701566,7157,01B1BE
2557759956,7157,01B001
2558045426,7158,0182E2
2558052638,7158,01AC95
2559130232,7161,06FB97
2559258436,7161,0182E6
2559264050,7161,01829F
2559267028,7161,018295
2559273184,7161,01829F
2559277360,7161,018295
2559283590,7161,01829F
2559301144,7161,01829F
2559321290,7161,018195
2559372284,7161,01B1BE
2560149536,7164,01B001
2560227906,7164,0182E2
2560235070,7164,01AC95
2561232978,7167,06FB97
2561363790,7167,0182E6
2561369336,7167,01829F
2561372220,7167,018295
2561378372,7167,01829F
2561382548,7167,018295
2561388754,7167,01829F
2561406276,7167,01829F
2561426382,7167,018195
2561477444,7167,01B1BE
2561628144,7168,01B001
2561976532,7169,0182E2
2561983770,7169,01AC95
2562927108,7171,06FB97
2563152504,7172,0182E6
2563158126,7172,01829F
2563161010,7172,018295
2563167130,7172,01829F
2563171246,7172,018295
2563177516,7172,01829F
2563194990,7172,01829F
2563215186,7172,018195
2563266332,7172,01B1BE
2563417104,7173,01B001
2563495422,7173,0182E2
2563502662,7173,01AC95
2564440246,7176,06FB97
2564564310,7176,0182E6
2564569878,7176,01829F
2564572834,7176,018295
2564578950,7176,01829F
2564583058,7176,018295
2564589260,7176,01829F
2564606756,7176,01829F
2564626904,7176,018195
2564677980,7176,01B1BE
2564833654,7177,01B001
2565192828,7178,0182E2
2565200052,7178,01AC95
2566150612,7180,06FB97
2566374562,7181,0182E6
2566380188,7181,01829F
2566383140,7181,018295
2566389296,7181,01829F
2566393420,7181,018295
2566399674,7181,01829F
2566417228,7181,01829F
2566436672,7181,018195
2566487120,7181,01B1BE
2566637506,7182,01B001
2566715844,7182,0182E2
2566723084,7182,01AC95
2567641834,7185,06FB97
2567764296,7185,0182E6
2567769918,7185,01829F
2567772874,7185,018295
2567779030,7185,01829F
2567783206,7185,018295
2567789452,7185,01829F
2567807000,7185,01829F
2567826490,7185,018195
2567876920,7185,01B1BE
2568049940,7186,01B001
2568409118,7187,0182E2
2568416278,7187,01AC95
2569355628,7189,06FB97
2569572780,7190,0182E6
2569578394,7190,01829F
2569581284,7190,018295
2569587412,7190,01829F
2569591528,7190,018295
2569597798,7190,01829F
2569615278,7190,01829F
2569634750,7190,018195
2569685206,7190,01B1BE
2569742970,7190,01B001
2570116932,7191,0182E2
2570124052,7191,01AC95
2570927856,7194,06FB97
2571044438,7194,0182E6
2571050044,7194,01829F
2571052936,7194,018295
2571059140,7194,01829F
2571063256,7194,018295
2571069540,7194,01829F
2571087014,7194,01829F
2571106494,7194,018195
2571156984,7194,01B1BE
2571307170,7195,01B001
2571625352,7196,0182E2
2571632554,7196,01AC95
2572438726,7198,06FB97
2572560518,7198,0182E6
2572566124,7198,01829F
2572569076,7198,018295
2572575232,7198,01829F
2572579346,7198,018295
2572585516,7198,01829F
2572695308,7199,01829F
2572714772,7199,018195
2572765236,7199,01B1BE
2572823058,7199,01B001