pc,masterClock
02DA35,2358594616
7E4EF7,2358595188
7E4EF7,2358595256
7E4EF7,2358595324
7E4EF7,2358595392
7E4EF7,2358595460
7E4EF7,2358595528
7E4EF7,2358595596
7E4EF7,2358595664
7E4EF7,2358595772
7E4EF7,2358595840
7E4EF7,2358595908
7E4EF7,2358595976
7E4EF7,2358596044
7E4EF7,2358596112
7E4EF7,2358596180
7E4EF7,2358596248
7E4EF7,2358596316
7E4EF7,2358596384
7E4EF7,2358596452
7E4EF7,2358596520
7E4EF7,2358596588
7E4EF7,2358596656
7E4EF7,2358596724
7E4EF7,2358596792
7E4EF7,2358596860
7E4EF7,2358596928
7E4EF7,2358596996
7E4EF7,2358597104
7E4EF7,2358597172
7E4EF7,2358597240
7E4EF7,2358597308
7E4EF7,2358597376
7E4EF7,2358597444
7E4EF7,2358597512
7E4EF7,2358597580
7E4EF7,2358597648
7E4EF7,2358597716
7E4EF7,2358597784
7E4EF7,2358597852
7E4EF7,2358597920
7E4EF7,2358597988
7E4EF7,2358598056
7E4EF7,2358598124
7E4EF7,2358598192
7E4EF7,2358598260
7E4EF7,2358598328
7E4EF7,2358598396
7E4EF7,2358598504
7E4EF7,2358598572
7E4EF7,2358598640
7E4EF7,2358598708
7E4EF7,2358598776
7E4EF7,2358598844
7E4EF7,2358598912
7E4EF7,2358598980
7E4EF7,2358599048
7E4EF7,2358599116
7E4EF7,2358599184
7E4EF7,2358599252
7E4EF7,2358599320
7E4EF7,2358599388
7E4EF7,2358599456
7E4EF7,2358599524
7E4EF7,2358599592
02DA46,2358671356
7E4F34,2358928996
7E4F34,2358929064
7E4F34,2358929132
7E4F34,2358929200
7E4F34,2358929268
7E4F34,2358929336
7E4F34,2358929404
7E4F34,2358929472
7E4F34,2358929540
7E4F34,2358929608
7E4F34,2358929676
7E4F34,2358929744
7E4F34,2358929812
7E4F34,2358929920
7E4F34,2358929988
7E4F34,2358930056
7E4F34,2358930124
7E4F34,2358930192
7E4F34,2358930260
7E4F34,2358930328
7E4F34,2358930396
7E4F34,2358930464
7E4F34,2358930532
7E4F34,2358930600
7E4F34,2358930668
7E4F34,2358930736
7E4F34,2358930804
7E4F34,2358930872
7E4F34,2358930940
7E4F34,2358931008
7E4F34,2358931076
7E4F34,2358931144
7E4F34,2358931212
7E4F34,2358931320
7E4F34,2358931388
7E4F34,2358931456
7E4F34,2358931524
7E4F34,2358931592
7E4F34,2358931660
7E4F34,2358931728
7E4F34,2358931796
7E4F34,2358931864
7E4F34,2358931932
7E4F34,2358932000
7E4F34,2358932068
7E4F34,2358932136
7E4F34,2358932204
7E4F34,2358932272
7E4F34,2358932340
7E4F34,2358932408
7E4F34,2358932476
7E4F34,2358932544
7E4F34,2358932652
7E4F34,2358932720
7E4F34,2358932788
7E4F34,2358932856
7E4F34,2358932924
7E4F34,2358932992
7E4F34,2358933060
7E4F34,2358933128
7E4F34,2358933196
7E4F34,2358933264
7E4F34,2358933332
7E4F34,2358933400
02DA35,2360167864
02DA46,2360244572
02DA46,2360244642
02DA46,2360244712
02DA46,2360244822
02DA46,2360244892
02DA46,2360244962
02DA46,2360245032
02DA46,2360245102
02DA46,2360245172
02DA46,2360245242
02DA46,2360245312
02DA46,2360245462
02DA46,2360245532
02DA46,2360245602
02DA46,2360245672
02DA46,2360245742
02DA46,2360245812
02DA46,2360245882
02DA46,2360245952
02DA46,2360246022
02DA46,2360246092
02DA46,2360246202
02DA46,2360246272
02DA46,2360246342
02DA46,2360246412
02DA46,2360246482
02DA46,2360246552
02DA46,2360246622
02DA46,2360246764
02DA46,2360246834
02DA46,2360246904
02DA46,2360246974
02DA46,2360247044
02DA46,2360247114
02DA46,2360247184
02DA46,2360247254
02DA46,2360247324
02DA46,2360247394
02DA46,2360247464
02DA46,2360247574
02DA46,2360247644
02DA46,2360247714
02DA46,2360247784
02DA46,2360247854
02DA46,2360247924
02DA46,2360247994
02DA46,2360248136
02DA46,2360248206
02DA46,2360248276
02DA46,2360248346
02DA46,2360248416
02DA46,2360248486
02DA46,2360248556
02DA46,2360248626
02DA46,2360248696
02DA46,2360248766
02DA46,2360248876
02DA46,2360248946
02DA46,2360249016
02DA46,2360249086
02DA46,2360249156
02DA46,2360249226
02DA46,2360249296
02DA35,2361970318
02DA35,2363504786
02DA35,2365248702
02DA35,2366713132
02DA35,2368464732
02DA35,2370079172
02DA35,2371559798
02DA35,2373010816
02DA35,2374757188
02DA35,2376216208
02DA35,2377972170
02DA35,2379504702
02DA35,2381053592
02DA35,2381053646
02DA35,2381053700
02DA35,2381053754
02DA35,2381053808
02DA35,2381053902
02DA35,2381053956
02DA35,2381054010
02DA35,2381054064
02DA35,2381054118
02DA35,2381054172
02DA35,2381054226
02DA35,2381054280
02DA35,2381054334
02DA35,2381054388
02DA35,2381054522
02DA35,2381054576
02DA35,2381054630
02DA35,2381146908
02DA35,2382818746
02DA35,2382818800
02DA35,2382818894
02DA35,2382818948
02DA35,2382819002
02DA35,2382819056
02DA35,2382819110
02DA35,2382819164
02DA35,2382819218
02DA35,2382819272
02DA35,2382819326
02DA35,2382819380
02DA35,2382819506
02DA35,2382819560
02DA35,2382819614
02DA35,2382819668
02DA35,2382819722
02DA35,2382819776
02DA35,2382819830
02DA35,2382819884
02DA35,2382819938
02DA35,2382819992
02DA35,2382820046
02DA35,2382820100
02DA35,2382820154
02DA35,2382820248
02DA35,2382820302
02DA35,2382820356
02DA35,2382820410
02DA35,2382820464
02DA35,2382820518